"CustomerID","total_orders","total_revenue","avg_order_value","purchase_frequency_per_year","estimated_CLV"
12346,12,77556.46,6463.03833333333,5.9390243902439,115152.426890244
12347,8,5633.32,704.165,3.95934959349593,8364.10621951219
12348,5,2019.4,403.88,2.47459349593496,2998.31646341463
12349,4,4428.69,1107.1725,1.97967479674797,6575.52448170732
12350,1,334.4,334.4,0.494918699186992,496.50243902439
12351,1,300.93,300.93,0.494918699186992,446.807652439024
12352,10,2849.84,284.984,4.94918699186992,4231.31731707317
12353,2,406.76,203.38,0.989837398373984,603.939390243902
12354,1,1079.4,1079.4,0.494918699186992,1602.64573170732
12355,2,947.61,473.805,0.989837398373984,1406.96972560976
12356,6,6373.68,1062.28,2.96951219512195,9463.36024390244
12357,3,18287.66,6095.88666666667,1.48475609756098,27152.7146951219
12358,5,3887.07,777.414,2.47459349593496,5771.35088414634
12359,10,8935.94,893.594,4.94918699186992,13267.691402439
12360,8,4252.89,531.61125,3.95934959349593,6314.5043597561
12361,4,511.25,127.8125,1.97967479674797,759.081554878049
12362,11,5356.23,486.93,5.44410569105691,7952.69515243902
12363,2,552,276,0.989837398373984,819.585365853658
12364,4,1313.1,328.275,1.97967479674797,1949.63323170732
12365,2,641.38,320.69,0.989837398373984,952.292865853658
12366,1,500.24,500.24,0.494918699186992,742.734390243902
12367,1,168.9,168.9,0.494918699186992,250.775304878049
12368,1,917.7,917.7,0.494918699186992,1362.56067073171
12369,3,1791.15,597.05,1.48475609756098,2659.42088414634
12370,7,4320.31,617.187142857143,3.46443089430894,6414.60661585366
12371,5,4067.38,813.476,2.47459349593496,6039.06725609756
12372,3,1298.04,432.68,1.48475609756098,1927.27280487805
12373,3,1127.65,375.883333333333,1.48475609756098,1674.28521341463
12374,4,2989.22,747.305,1.97967479674797,4438.26262195122
12375,2,457.5,228.75,0.989837398373984,679.275914634146
12376,2,503.15,251.575,0.989837398373984,747.055030487805
12377,4,3426.32,856.58,1.97967479674797,5087.24951219512
12378,2,5416.32,2708.16,0.989837398373984,8041.91414634146
12379,4,1620.22,405.055,1.97967479674797,2405.63152439024
12380,11,9676.3,879.663636363636,5.44410569105691,14366.9454268293
12381,5,1845.31,369.062,2.47459349593496,2739.83527439024
12383,5,1850.56,370.112,2.47459349593496,2747.63024390244
12384,2,585.27,292.635,0.989837398373984,868.983201219512
12385,1,1938.4,1938.4,0.494918699186992,2878.05121951219
12386,2,660.8,330.4,0.989837398373984,981.126829268293
12387,1,143.94,143.94,0.494918699186992,213.715792682927
12388,8,3901.11,487.63875,3.95934959349593,5792.1968597561
12389,3,1433.33,477.776666666667,1.48475609756098,2128.14545731707
12390,1,549.84,549.84,0.494918699186992,816.378292682927
12391,6,2773.42,462.236666666667,2.96951219512195,4117.85225609756
12392,1,234.75,234.75,0.494918699186992,348.546493902439
12393,6,2399.45,399.908333333333,2.96951219512195,3562.59801829268
12394,2,1272.48,636.24,0.989837398373984,1889.32243902439
12395,15,5067.27,337.818,7.42378048780488,7523.6600304878
12396,1,931.43,931.43,0.494918699186992,1382.94637195122
12397,2,2409.9,1204.95,0.989837398373984,3578.1137195122
12398,1,1635.66,1635.66,0.494918699186992,2428.55615853658
12399,7,1962.3,280.328571428571,3.46443089430894,2913.5368902439
12400,1,205.25,205.25,0.494918699186992,304.74618902439
12401,1,84.3,84.3,0.494918699186992,125.16493902439
12402,6,1256.9,209.483333333333,2.96951219512195,1866.18993902439
12403,2,1019.36,509.68,0.989837398373984,1513.50097560976
12404,1,63.24,63.24,0.494918699186992,93.8959756097561
12405,1,1710.39,1710.39,0.494918699186992,2539.51198170732
12406,5,6390.36,1278.072,2.47459349593496,9488.12597560975
12407,5,1708.12,341.624,2.47459349593496,2536.14158536585
12408,8,4340.77,542.59625,3.95934959349593,6444.98472560975
12409,7,23419.29,3345.61285714286,3.46443089430894,34771.9336280488
12410,3,1013.71,337.903333333333,1.48475609756098,1505.11210365854
12411,1,346.9,346.9,0.494918699186992,515.061890243902
12412,6,2596.93,432.821666666667,2.96951219512195,3855.80765243902
12413,4,999.45,249.8625,1.97967479674797,1483.93948170732
12414,6,952.41,158.735,2.96951219512195,1414.09655487805
12415,28,144458.37,5159.2275,13.8577235772358,214485.445701219
12416,1,202.56,202.56,0.494918699186992,300.752195121951
12417,20,6816.91,340.8455,9.89837398373984,10121.4486890244
12418,4,2021.2,505.3,1.97967479674797,3000.98902439024
12419,2,503.01,251.505,0.989837398373984,746.847164634146
12420,1,600.39,600.39,0.494918699186992,891.432713414634
12421,6,1098.6,183.1,2.96951219512195,1631.15304878049
12422,17,5231.8,307.752941176471,8.41361788617886,7767.94695121951
12423,10,2622.39,262.239,4.94918699186992,3893.60954268293
12424,4,3340.03,835.0075,1.97967479674797,4959.12990853659
12425,2,1741.41,870.705,0.989837398373984,2585.56911585366
12426,2,1345.21,672.605,0.989837398373984,1997.30875
12427,3,1129.3,376.433333333333,1.48475609756098,1676.73506097561
12428,9,7956.46,884.051111111111,4.45426829268293,11813.4025
12429,8,7485.91,935.73875,3.95934959349593,11114.7505182927
12430,1,256.4,256.4,0.494918699186992,380.691463414634
12431,27,10857.97,402.147037037037,13.3628048780488,16121.4371646341
12432,5,5059.32,1011.864,2.47459349593496,7511.85621951219
12433,10,20581.26,2058.126,4.94918699186992,30558.1512804878
12434,3,1103.43,367.81,1.48475609756098,1638.32442073171
12435,6,13925.93,2320.98833333333,2.96951219512195,20676.6094817073
12436,1,509.01,509.01,0.494918699186992,755.755701219512
12437,39,12683.4,325.215384615385,19.3018292682927,18831.7554878049
12438,2,2906.85,1453.425,0.989837398373984,4315.96326219512
12439,2,1158.18,579.09,0.989837398373984,1719.61481707317
12440,2,859.2,429.6,0.989837398373984,1275.70243902439
12441,1,347.1,347.1,0.494918699186992,515.358841463415
12442,1,172.06,172.06,0.494918699186992,255.467134146341
12443,1,485.31,485.31,0.494918699186992,720.566981707317
12444,5,5005.46,1001.092,2.47459349593496,7431.88725609756
12445,2,434.98,217.49,0.989837398373984,645.839207317073
12446,1,1002.31,1002.31,0.494918699186992,1488.18588414634
12447,1,476.49,476.49,0.494918699186992,707.471432926829
12448,1,449.45,449.45,0.494918699186992,667.32362804878
12449,6,4835.89,805.981666666667,2.96951219512195,7180.11716463415
12450,5,688.2,137.64,2.47459349593496,1021.80914634146
12451,8,12669.88,1583.735,3.95934959349593,18811.6815853659
12452,2,430.57,215.285,0.989837398373984,639.291432926829
12453,1,707.09,707.09,0.494918699186992,1049.85618902439
12454,5,16679.78,3335.956,2.47459349593496,24765.4050609756
12455,10,5879.95,587.995,4.94918699186992,8730.29161585366
12456,3,3181.04,1060.34666666667,1.48475609756098,4723.06853658537
12457,8,2995.91,374.48875,3.95934959349593,4448.1956402439
12458,4,1777.49,444.3725,1.97967479674797,2639.13911585366
12459,1,454.36,454.36,0.494918699186992,674.613780487805
12460,1,326.65,326.65,0.494918699186992,484.995579268293
12461,2,826.88,413.44,0.989837398373984,1227.71512195122
12462,2,1189.59,594.795,0.989837398373984,1766.25100609756
12463,4,1344.78,336.195,1.97967479674797,1996.67030487805
12464,8,1212.05,151.50625,3.95934959349593,1799.59862804878
12465,2,742.19,371.095,0.989837398373984,1101.97112804878
12466,1,56.73,56.73,0.494918699186992,84.2302134146341
12467,1,132.8,132.8,0.494918699186992,197.175609756098
12468,5,3670.74,734.148,2.47459349593496,5450.15359756097
12469,2,3070.54,1535.27,0.989837398373984,4559.00298780488
12470,1,211.95,211.95,0.494918699186992,314.694054878049
12471,79,39963.79,505.870759493671,39.0985772357724,59336.4808841463
12472,19,17880.59,941.083684210526,9.40345528455284,26548.3150304878
12473,5,3938.55,787.71,2.47459349593496,5847.78612804878
12474,31,12424.45,400.788709677419,15.3424796747967,18447.2778963415
12475,2,1149.64,574.82,0.989837398373984,1706.935
12476,23,14115.41,613.71347826087,11.3831300813008,20957.9410670732
12477,9,20276.37,2252.93,4.45426829268293,30105.4639939024
12478,1,680.99,680.99,0.494918699186992,1011.10405487805
12479,1,527.2,527.2,0.494918699186992,782.763414634146
12480,7,5464.85,780.692857142857,3.46443089430894,8113.9693597561
12481,15,12361.39,824.092666666667,7.42378048780488,18353.6491768293
12482,29,23691.4,816.944827586207,14.3526422764228,35175.9506097561
12483,19,5120.58,269.504210526316,9.40345528455284,7602.81237804878
12484,12,6370.15,530.845833333333,5.9390243902439,9458.11905487805
12485,1,708.1,708.1,0.494918699186992,1051.35579268293
12486,1,1037.28,1037.28,0.494918699186992,1540.10780487805
12487,1,285.3,285.3,0.494918699186992,423.600914634146
12488,3,1298.66,432.886666666667,1.48475609756098,1928.19335365854
12489,1,334.93,334.93,0.494918699186992,497.289359756097
12490,21,9823.64,467.792380952381,10.3932926829268,14585.7093902439
12491,1,460.4,460.4,0.494918699186992,683.581707317073
12492,3,715.21,238.403333333333,1.48475609756098,1061.91240853659
12493,2,433.74,216.87,0.989837398373984,643.998109756098
12494,9,1872.87,208.096666666667,4.45426829268293,2780.75515243902
12495,1,357.4,357.4,0.494918699186992,530.651829268293
12496,2,54.09,27.045,0.989837398373984,80.3104573170732
12497,3,6248.5,2082.83333333333,1.48475609756098,9277.49847560975
12498,3,403.7,134.566666666667,1.48475609756098,599.396036585366
12499,1,393.72,393.72,0.494918699186992,584.578170731707
12500,19,5955.21,313.432105263158,9.40345528455284,8842.0343597561
12501,1,2169.39,2169.39,0.494918699186992,3221.0150304878
12502,5,3723.87,744.774,2.47459349593496,5529.03868902439
12503,1,1126,1126,0.494918699186992,1671.83536585366
12504,4,779.05,194.7625,1.97967479674797,1156.69923780488
12505,1,955.2,955.2,0.494918699186992,1418.23902439024
12506,1,73.5,73.5,0.494918699186992,109.129573170732
12507,4,1844.06,461.015,1.97967479674797,2737.97932926829
12508,2,398.27,199.135,0.989837398373984,591.33381097561
12509,1,176.5,176.5,0.494918699186992,262.059451219512
12510,9,5178.02,575.335555555556,4.45426829268293,7688.09676829268
12511,1,3084.02,3084.02,0.494918699186992,4579.0175
12512,2,138.03,69.015,0.989837398373984,204.940884146341
12513,1,612.29,612.29,0.494918699186992,909.10131097561
12514,2,1597.76,798.88,0.989837398373984,2372.28390243902
12515,1,383.7,383.7,0.494918699186992,569.700914634146
12516,4,2648.62,662.155,1.97967479674797,3932.55469512195
12517,5,2502.84,500.568,2.47459349593496,3716.10695121951
12518,5,2056.89,411.378,2.47459349593496,3053.97996951219
12519,2,726.54,363.27,0.989837398373984,1078.73469512195
12520,5,2634.26,526.852,2.47459349593496,3911.23359756098
12521,1,599.68,599.68,0.494918699186992,890.378536585366
12522,2,192.72,96.36,0.989837398373984,286.142195121951
12523,23,4372.15,190.09347826087,11.3831300813008,6491.57637195122
12524,17,11126.11,654.477058823529,8.41361788617886,16519.5596646341
12525,3,973.73,324.576666666667,1.48475609756098,1445.75155487805
12526,3,1316.66,438.886666666667,1.48475609756098,1954.91896341463
12527,5,735.51,147.102,2.47459349593496,1092.05295731707
12528,6,1933.48,322.246666666667,2.96951219512195,2870.7462195122
12529,1,316.48,316.48,0.494918699186992,469.895609756098
12530,9,3759.26,417.695555555556,4.45426829268293,5581.58420731707
12531,2,1933.2,966.6,0.989837398373984,2870.33048780488
12532,1,349.83,349.83,0.494918699186992,519.412225609756
12533,2,1367.89,683.945,0.989837398373984,2030.98301829268
12534,1,1089.18,1089.18,0.494918699186992,1617.16664634146
12535,2,716.35,358.175,0.989837398373984,1063.6050304878
12536,3,12601.83,4200.61,1.48475609756098,18710.6439329268
12537,1,732.94,732.94,0.494918699186992,1088.23713414634
12538,2,640.45,320.225,0.989837398373984,950.912042682927
12539,7,11214.75,1602.10714285714,3.46443089430894,16651.1684451219
12540,33,22254.49,674.378484848485,16.3323170731707,33042.4897256098
12541,3,981.18,327.06,1.48475609756098,1456.81298780488
12542,2,481.88,240.94,0.989837398373984,715.474268292683
12543,1,980.25,980.25,0.494918699186992,1455.43216463415
12544,1,372.7,372.7,0.494918699186992,553.368597560976
12545,2,1000.39,500.195,0.989837398373984,1485.33515243902
12546,2,1161.5,580.75,0.989837398373984,1724.54420731707
12547,3,383.58,127.86,1.48475609756098,569.522743902439
12548,1,95.2,95.2,0.494918699186992,141.348780487805
12549,6,1575.68,262.613333333333,2.96951219512195,2339.50048780488
12550,1,964.83,964.83,0.494918699186992,1432.53722560976
12551,1,168,168,0.494918699186992,249.439024390244
12552,2,437.82,218.91,0.989837398373984,650.055914634146
12553,12,4608.75,384.0625,5.9390243902439,6842.86966463415
12554,1,468.5,468.5,0.494918699186992,695.608231707317
12555,1,129.23,129.23,0.494918699186992,191.875030487805
12556,2,603.71,301.855,0.989837398373984,896.362103658537
12557,8,18716.14,2339.5175,3.95934959349593,27788.9029878049
12558,1,269.96,269.96,0.494918699186992,400.824756097561
12559,2,561.71,280.855,0.989837398373984,834.002347560976
12560,3,2134.01,711.336666666667,1.48475609756098,3168.4843597561
12561,1,238.85,238.85,0.494918699186992,354.633993902439
12562,9,4966.92,551.88,4.45426829268293,7374.66475609756
12563,1,249.24,249.24,0.494918699186992,370.060609756098
12564,1,456.9,456.9,0.494918699186992,678.38506097561
12565,1,145.92,145.92,0.494918699186992,216.655609756098
12566,1,351.65,351.65,0.494918699186992,522.114481707317
12567,15,13709.86,913.990666666667,7.42378048780488,20355.7982317073
12568,1,70,70,0.494918699186992,103.932926829268
12569,32,4124.69,128.8965625,15.8373983739837,6124.15862804878
12570,1,77.52,77.52,0.494918699186992,115.098292682927
12571,2,519.61,259.805,0.989837398373984,771.494115853659
12572,2,1020.42,510.21,0.989837398373984,1515.07481707317
12573,5,717.41,143.482,2.47459349593496,1065.17887195122
12574,1,218.45,218.45,0.494918699186992,324.344969512195
12575,2,622.82,311.41,0.989837398373984,924.735792682927
12576,8,2142.72,267.84,3.95934959349593,3181.41658536585
12577,8,1653.75,206.71875,3.95934959349593,2455.41539634146
12578,4,4642.45,1160.6125,1.97967479674797,6892.90594512195
12579,1,440.42,440.42,0.494918699186992,653.916280487805
12580,2,1052.9,526.45,0.989837398373984,1563.29969512195
12581,1,197.71,197.71,0.494918699186992,293.55112804878
12582,4,1980.4,495.1,1.97967479674797,2940.41097560976
12583,27,14447.44,535.09037037037,13.3628048780488,21450.9246341463
12584,9,2338.15,259.794444444444,4.45426829268293,3471.5824695122
12585,2,2040.1,1020.05,0.989837398373984,3029.05091463415
12586,4,2062.67,515.6675,1.97967479674797,3062.5618597561
12587,1,144,144,0.494918699186992,213.80487804878
12588,4,958.78,239.695,1.97967479674797,1423.55445121951
12589,8,4695.66,586.9575,3.95934959349593,6971.90981707317
12590,2,9864.26,4932.13,0.989837398373984,14646.0201829268
12591,3,1352.15,450.716666666667,1.48475609756098,2007.61295731707
12592,5,2582.66,516.532,2.47459349593496,3834.62018292683
12593,3,418.1,139.366666666667,1.48475609756098,620.776524390244
12594,15,5090.11,339.340666666667,7.42378048780488,7557.5718597561
12595,1,299.02,299.02,0.494918699186992,443.971768292683
12596,2,618.27,309.135,0.989837398373984,917.980152439024
12597,4,3811.22,952.805,1.97967479674797,5658.73213414634
12598,11,4534.09,412.19,5.44410569105691,6732.01777439024
12599,13,2296.72,176.670769230769,6.43394308943089,3410.06902439024
12600,21,5043.92,240.186666666667,10.3932926829268,7488.99097560976
12601,6,681.26,113.543333333333,2.96951219512195,1011.50493902439
12602,1,153.12,153.12,0.494918699186992,227.345853658537
12603,1,739.2,739.2,0.494918699186992,1097.53170731707
12604,2,254.18,127.09,0.989837398373984,377.395304878049
12605,4,1232.95,308.2375,1.97967479674797,1830.63003048781
12606,1,21,21,0.494918699186992,31.1798780487805
12607,1,1579.51,1579.51,0.494918699186992,2345.18710365854
12608,1,415.79,415.79,0.494918699186992,617.346737804878
12609,9,3435.86,381.762222222222,4.45426829268293,5101.41408536585
12610,5,2099.54,419.908,2.47459349593496,3117.30481707317
12611,1,1193.32,1193.32,0.494918699186992,1771.78914634146
12612,1,704.04,704.04,0.494918699186992,1045.32768292683
12613,10,6835.07,683.507,4.94918699186992,10148.4118597561
12614,1,315.6,315.6,0.494918699186992,468.589024390244
12615,8,5740.98,717.6225,3.95934959349593,8523.95506097561
12616,3,1131.1,377.033333333333,1.48475609756098,1679.40762195122
12617,1,355.53,355.53,0.494918699186992,527.875335365854
12618,1,177.31,177.31,0.494918699186992,263.262103658537
12619,10,3781.38,378.138,4.94918699186992,5614.42701219512
12620,3,1339.41,446.47,1.48475609756098,1988.69716463415
12621,35,24775.81,707.880285714286,17.3221544715447,36786.0349695122
12622,1,180.1,180.1,0.494918699186992,267.404573170732
12623,7,3747.84,535.405714285714,3.46443089430894,5564.62829268293
12624,2,641.13,320.565,0.989837398373984,951.921676829268
12625,4,5164.88,1291.22,1.97967479674797,7668.58707317073
12626,9,6620.48,735.608888888889,4.45426829268293,9829.79804878049
12627,7,4478.53,639.79,3.46443089430894,6649.52472560975
12628,3,786.46,262.153333333333,1.48475609756098,1167.7012804878
12629,2,1558.22,779.11,0.989837398373984,2313.57664634146
12630,2,1270.88,635.44,0.989837398373984,1886.94682926829
12631,6,3481.57,580.261666666667,2.96951219512195,5169.28228658537
12632,2,804.88,402.44,0.989837398373984,1195.05048780488
12633,7,5678.16,811.165714285714,3.46443089430894,8430.68268292683
12634,2,490,245,0.989837398373984,727.530487804878
12635,4,2930.41,732.6025,1.97967479674797,4350.94411585366
12636,1,141,141,0.494918699186992,209.350609756098
12637,12,8340.31,695.025833333333,5.9390243902439,12383.3261280488
12638,2,921.49,460.745,0.989837398373984,1368.18789634146
12639,3,1312.37,437.456666666667,1.48475609756098,1948.5493597561
12640,3,1174.58,391.526666666667,1.48475609756098,1743.96481707317
12641,1,185.9,185.9,0.494918699186992,276.016158536585
12642,3,1013.26,337.753333333333,1.48475609756098,1504.44396341463
12643,12,8350.42,695.868333333333,5.9390243902439,12398.3370121951
12644,4,1918.49,479.6225,1.97967479674797,2848.48972560976
12645,8,3539.3,442.4125,3.95934959349593,5254.99725609756
12646,2,1346.97,673.485,0.989837398373984,1999.92192073171
12647,36,17924.35,497.898611111111,17.8170731707317,26613.2879573171
12648,4,1112,278,1.97967479674797,1651.0487804878
12649,8,2294.65,286.83125,3.95934959349593,3406.99557926829
12650,1,314.44,314.44,0.494918699186992,466.866707317073
12651,4,377.75,94.4375,1.97967479674797,560.866615853658
12652,2,1017.03,508.515,0.989837398373984,1510.04149390244
12653,3,4160.83,1386.94333333333,1.48475609756098,6177.81771341463
12654,5,601.98,120.396,2.47459349593496,893.793475609756
12655,1,261.35,261.35,0.494918699186992,388.041006097561
12656,8,6407.83,800.97875,3.95934959349593,9514.06466463414
12657,4,1643.18,410.795,1.97967479674797,2439.72152439024
12658,1,686.05,686.05,0.494918699186992,1018.61692073171
12659,1,91.68,91.68,0.494918699186992,136.12243902439
12660,1,245.1,245.1,0.494918699186992,363.913719512195
12661,1,162,162,0.494918699186992,240.530487804878
12662,20,6988.02,349.401,9.89837398373984,10375.505304878
12663,2,239.4,119.7,0.989837398373984,355.450609756097
12664,11,6070.04,551.821818181818,5.44410569105691,9012.52890243902
12665,3,313.6,104.533333333333,1.48475609756098,465.619512195122
12666,1,1248.42,1248.42,0.494918699186992,1853.59920731707
12667,1,620.13,620.13,0.494918699186992,920.741798780488
12668,10,11444.68,1144.468,4.94918699186992,16992.5584146341
12669,3,2744.03,914.676666666667,1.48475609756098,4074.21527439024
12670,7,3760.29,537.184285714286,3.46443089430894,5583.11350609756
12671,1,2622.481,2622.481,0.494918699186992,3893.74465548781
12672,2,437.05,218.525,0.989837398373984,648.912652439024
12673,3,1230.02,410.006666666667,1.48475609756098,1826.27969512195
12674,4,1970.6,492.65,1.97967479674797,2925.86036585366
12675,2,958.5,479.25,0.989837398373984,1423.13871951219
12676,11,2843.09,258.462727272727,5.44410569105691,4221.29521341463
12677,2,395.1,197.55,0.989837398373984,586.627134146341
12678,21,34281.18,1632.43714285714,10.3932926829268,50899.1910365854
12679,4,1113.02,278.255,1.97967479674797,1652.56323170732
12680,4,880.81,220.2025,1.97967479674797,1307.78801829268
12681,45,30868.28,685.961777777778,22.2713414634146,45831.8669512195
12682,52,24033.91,462.190576923077,25.7357723577236,35684.4944207317
12683,21,12696.78,604.608571428572,10.3932926829268,18851.6215243902
12684,7,2283.63,326.232857142857,3.46443089430894,3390.63356707317
12685,6,2863.08,477.18,2.96951219512195,4250.97548780488
12686,1,178.28,178.28,0.494918699186992,264.702317073171
12687,2,2138.91,1069.455,0.989837398373984,3175.75966463415
12688,1,4873.81,4873.81,0.494918699186992,7236.41911585366
12689,2,1247.61,623.805,0.989837398373984,1852.39655487805
12690,1,389.01,389.01,0.494918699186992,577.584969512195
12691,7,1170.4,167.2,3.46443089430894,1737.75853658537
12692,1,110.95,110.95,0.494918699186992,164.73368902439
12693,7,1703.02,243.288571428571,3.46443089430894,2528.56932926829
12694,3,1843.35,614.45,1.48475609756098,2736.92515243902
12695,7,1407.12,201.017142857143,3.46443089430894,2089.23
12696,2,851.91,425.955,0.989837398373984,1264.87856707317
12697,3,957.59,319.196666666667,1.48475609756098,1421.78759146341
12698,1,339.75,339.75,0.494918699186992,504.445884146341
12699,1,638.11,638.11,0.494918699186992,947.437713414634
12700,4,4939.99,1234.9975,1.97967479674797,7334.68027439024
12701,6,2446.41,407.735,2.96951219512195,3632.32216463415
12702,1,219,219,0.494918699186992,325.161585365854
12703,4,1006.53,251.6325,1.97967479674797,1494.45155487805
12704,8,2340.84,292.605,3.95934959349593,3475.57646341463
12705,14,11762.1,840.15,6.92886178861789,17463.8496951219
12707,1,603.42,603.42,0.494918699186992,895.931524390244
12708,18,5314.1,295.227777777778,8.90853658536585,7890.14237804878
12709,34,31093.34,914.51,16.8272357723577,46166.0261585366
12710,3,1149.02,383.006666666667,1.48475609756098,1706.01445121951
12711,2,1339.05,669.525,0.989837398373984,1988.16265243902
12712,21,7193.66,342.555238095238,10.3932926829268,10680.8305487805
12713,1,848.55,848.55,0.494918699186992,1259.88978658537
12714,12,14093.71,1174.47583333333,5.9390243902439,20925.7218597561
12715,1,353.86,353.86,0.494918699186992,525.395792682927
12716,2,1053.49,526.745,0.989837398373984,1564.17570121951
12717,3,1308.91,436.303333333333,1.48475609756098,1943.41210365854
12718,1,238.25,238.25,0.494918699186992,353.743140243902
12719,2,644.95,322.475,0.989837398373984,957.593445121951
12720,30,8260.67,275.355666666667,14.8475609756098,12265.080152439
12721,8,4013.08,501.635,3.95934959349593,5958.445
12722,4,997.63,249.4075,1.97967479674797,1481.23722560976
12723,5,725.07,145.014,2.47459349593496,1076.55210365854
12724,7,2317.52,331.074285714286,3.46443089430894,3440.95195121951
12725,4,2694.56,673.64,1.97967479674797,4000.7643902439
12726,11,4014.6,364.963636363636,5.44410569105691,5960.70182926829
12727,10,5679.53,567.953,4.94918699186992,8432.71679878049
12728,5,1070.17,214.034,2.47459349593496,1588.94143292683
12729,1,453.01,453.01,0.494918699186992,672.609359756098
12730,1,829.25,829.25,0.494918699186992,1231.23399390244
12731,17,25775.71,1516.21823529412,8.41361788617886,38270.6425914634
12732,1,236.26,236.26,0.494918699186992,350.788475609756
12733,4,2424.87,606.2175,1.97967479674797,3600.34051829268
12734,3,639.65,213.216666666667,1.48475609756098,949.724237804878
12735,2,779.57,389.785,0.989837398373984,1157.47131097561
12736,1,234,234,0.494918699186992,347.432926829268
12737,2,3710.5,1855.25,0.989837398373984,5509.1875
12738,1,310.7,310.7,0.494918699186992,461.313719512195
12739,4,2726.73,681.6825,1.97967479674797,4048.52899390244
12740,1,427.6,427.6,0.494918699186992,634.881707317073
12741,2,406.07,203.035,0.989837398373984,602.914908536585
12742,1,1201.52,1201.52,0.494918699186992,1783.96414634146
12743,2,546.43,273.215,0.989837398373984,811.315274390244
12744,11,25317.06,2301.55090909091,5.44410569105691,37589.6592073171
12745,3,925.41,308.47,1.48475609756098,1374.0081402439
12746,1,254.55,254.55,0.494918699186992,377.944664634146
12747,26,9276.54,356.79,12.8678861788618,13773.3993292683
12748,336,56599.39,168.45056547619,166.292682926829,84036.2894207317
12749,9,6897.36,766.373333333333,4.45426829268293,10240.8973170732
12750,1,275.88,275.88,0.494918699186992,409.614512195122
12751,1,268.27,268.27,0.494918699186992,398.315518292683
12752,1,4366.78,4366.78,0.494918699186992,6483.60323170732
12753,6,21429.39,3571.565,2.96951219512195,31817.4174695122
12754,3,3010.74,1003.58,1.48475609756098,4470.21457317073
12755,11,9030.66,820.969090909091,5.44410569105691,13408.3275
12756,1,112.08,112.08,0.494918699186992,166.411463414634
12757,13,7857.1,604.392307692308,6.43394308943089,11665.8771341463
12758,7,9903.24,1414.74857142857,3.46443089430894,14703.8959756098
12759,8,5020.74,627.5925,3.95934959349593,7454.57432926829
12760,1,347.8,347.8,0.494918699186992,516.398170731707
12761,2,782.95,391.475,0.989837398373984,1162.48978658537
12762,2,1898.52,949.26,0.989837398373984,2818.83914634146
12763,2,814.16,407.08,0.989837398373984,1208.82902439024
12764,1,1693.88,1693.88,0.494918699186992,2514.99865853659
12765,6,1404.58,234.096666666667,2.96951219512195,2085.45871951219
12766,9,10068.28,1118.69777777778,4.45426829268293,14948.9401219512
12767,1,949.82,949.82,0.494918699186992,1410.25103658537
12768,1,168.69,168.69,0.494918699186992,250.463506097561
12769,1,1143.6,1143.6,0.494918699186992,1697.96707317073
12770,2,3246.45,1623.225,0.989837398373984,4820.18643292683
12771,1,282.3,282.3,0.494918699186992,419.146646341463
12772,1,892.47,892.47,0.494918699186992,1325.10027439024
12773,1,124.25,124.25,0.494918699186992,184.480945121951
12774,1,98.7,98.7,0.494918699186992,146.545426829268
12775,7,1686.12,240.874285714286,3.46443089430894,2503.47695121951
12776,1,55.5,55.5,0.494918699186992,82.4039634146341
12777,1,519.45,519.45,0.494918699186992,771.256554878049
12778,9,1775.68,197.297777777778,4.45426829268293,2636.45170731707
12779,14,6722.27,480.162142857143,6.92886178861789,9980.93137195122
12780,1,337.4,337.4,0.494918699186992,500.956707317073
12781,2,826.74,413.37,0.989837398373984,1227.50725609756
12782,11,4618.24,419.84,5.44410569105691,6856.96
12783,6,2225.91,370.985,2.96951219512195,3304.93344512195
12784,3,1804.75,601.583333333333,1.48475609756098,2679.61356707317
12785,3,1100.4,366.8,1.48475609756098,1633.8256097561
12786,1,728.5,728.5,0.494918699186992,1081.64481707317
12787,4,862.18,215.545,1.97967479674797,1280.12701219512
12788,4,444.9,111.225,1.97967479674797,660.567987804878
12789,3,273.35,91.1166666666667,1.48475609756098,405.858079268293
12790,2,591.85,295.925,0.989837398373984,878.752896341463
12791,6,1056.11,176.018333333333,2.96951219512195,1568.06576219512
12792,2,827.01,413.505,0.989837398373984,1227.9081402439
12793,3,1017.33,339.11,1.48475609756098,1510.48692073171
12794,2,860.41,430.205,0.989837398373984,1277.49899390244
12795,1,430.48,430.48,0.494918699186992,639.157804878049
12796,1,381,381,0.494918699186992,565.692073170732
12797,2,806.11,403.055,0.989837398373984,1196.87673780488
12798,4,8510.93,2127.7325,1.97967479674797,12636.6552134146
12799,1,219.35,219.35,0.494918699186992,325.68125
12800,3,584.25,194.75,1.48475609756098,867.46875
12801,1,1071.82,1071.82,0.494918699186992,1591.3912804878
12802,7,2416.42,345.202857142857,3.46443089430894,3587.79432926829
12803,1,1092.81,1092.81,0.494918699186992,1622.55631097561
12804,2,327.02,163.51,0.989837398373984,485.54493902439
12805,4,1434.95,358.7375,1.97967479674797,2130.55076219512
12806,4,2878.96,719.74,1.97967479674797,4274.55341463415
12807,1,330.35,330.35,0.494918699186992,490.489176829268
12808,5,906.1,181.22,2.47459349593496,1345.3375
12809,3,1755.94,585.313333333333,1.48475609756098,2607.14262195122
12810,2,534.99,267.495,0.989837398373984,794.329664634146
12811,5,1033.9,206.78,2.47459349593496,1535.08932926829
12812,1,229.64,229.64,0.494918699186992,340.959390243902
12813,3,1687.8,562.6,1.48475609756098,2505.97134146341
12814,1,125.92,125.92,0.494918699186992,186.960487804878
12815,2,1063.46,531.73,0.989837398373984,1578.9787195122
12816,2,572.2,286.1,0.989837398373984,849.57743902439
12817,3,690.98,230.326666666667,1.48475609756098,1025.93676829268
12818,1,1542.08,1542.08,0.494918699186992,2289.61268292683
12819,1,540.52,540.52,0.494918699186992,802.540365853658
12820,11,2689.52,244.501818181818,5.44410569105691,3993.2812195122
12821,2,220.8,110.4,0.989837398373984,327.834146341463
12822,2,948.88,474.44,0.989837398373984,1408.85536585366
12823,18,6501.5,361.194444444444,8.90853658536585,9653.14176829268
12824,1,397.12,397.12,0.494918699186992,589.626341463415
12825,2,518.63,259.315,0.989837398373984,770.039054878049
12826,12,2955.75,246.3125,5.9390243902439,4388.56783536585
12827,3,430.15,143.383333333333,1.48475609756098,638.667835365854
12828,6,1018.71,169.785,2.96951219512195,1512.53588414634
12829,3,385.3,128.433333333333,1.48475609756098,572.076524390244
12830,6,6814.64,1135.77333333333,2.96951219512195,10118.0782926829
12831,3,451.11,150.37,1.48475609756098,669.788323170732
12832,2,383.03,191.515,0.989837398373984,568.70612804878
12833,1,417.38,417.38,0.494918699186992,619.7075
12834,1,312.38,312.38,0.494918699186992,463.808109756098
12835,41,6043.31,147.397804878049,20.2916666666667,8972.84137195122
12836,15,6585.62,439.041333333333,7.42378048780488,9778.03945121951
12837,2,688.41,344.205,0.989837398373984,1022.12094512195
12838,10,3398.48,339.848,4.94918699186992,5045.91390243902
12839,26,10071.73,387.374230769231,12.8678861788618,14954.0625304878
12840,7,4041.97,577.424285714286,3.46443089430894,6001.33960365854
12841,40,7540.68,188.517,19.7967479674797,11196.0706097561
12842,4,1917.99,479.4975,1.97967479674797,2847.74734756098
12843,30,6588.41,219.613666666667,14.8475609756098,9782.18192073171
12844,4,648.6,162.15,1.97967479674797,963.012804878049
12845,4,354.09,88.5225,1.97967479674797,525.737286585366
12846,1,15.58,15.58,0.494918699186992,23.1325
12847,2,1636.9,818.45,0.989837398373984,2430.39725609756
12848,1,208,208,0.494918699186992,308.829268292683
12849,6,3090.56,515.093333333333,2.96951219512195,4588.72780487805
12850,1,330,330,0.494918699186992,489.969512195122
12851,2,284.13,142.065,0.989837398373984,421.86375
12852,1,311.55,311.55,0.494918699186992,462.575762195122
12853,11,3907.5,355.227272727273,5.44410569105691,5801.68445121951
12854,7,2994.02,427.717142857143,3.46443089430894,4445.38945121951
12855,4,650.94,162.735,1.97967479674797,966.487134146342
12856,6,2179.93,363.321666666667,2.96951219512195,3236.6643597561
12857,6,3688,614.666666666667,2.96951219512195,5475.78048780488
12858,1,177.92,177.92,0.494918699186992,264.167804878049
12859,1,575.1,575.1,0.494918699186992,853.883231707317
12860,1,55.47,55.47,0.494918699186992,82.3594207317073
12861,1,68.25,68.25,0.494918699186992,101.334603658537
12862,2,1008.32,504.16,0.989837398373984,1497.10926829268
12863,6,2792.55,465.425,2.96951219512195,4146.2556402439
12864,2,299.57,149.785,0.989837398373984,444.788384146341
12865,4,3323.47,830.8675,1.97967479674797,4934.54234756098
12866,3,1227.35,409.116666666667,1.48475609756098,1822.31539634146
12867,13,7913.29,608.714615384615,6.43394308943089,11749.3055792683
12868,8,2247.06,280.8825,3.95934959349593,3336.33603658537
12869,1,337.67,337.67,0.494918699186992,501.357591463415
12870,3,1676.95,558.983333333333,1.48475609756098,2489.86173780488
12871,3,744.02,248.006666666667,1.48475609756098,1104.68823170732
12872,12,3685.49,307.124166666667,5.9390243902439,5472.05375
12873,3,2027.3,675.766666666667,1.48475609756098,3010.04603658537
12874,2,948.42,474.21,0.989837398373984,1408.17237804878
12875,5,1356.99,271.398,2.47459349593496,2014.79917682927
12876,4,4081.79,1020.4475,1.97967479674797,6060.46259146341
12877,20,2955.17,147.7585,9.89837398373984,4387.70667682927
12878,2,854.99,427.495,0.989837398373984,1269.45161585366
12879,3,573.22,191.073333333333,1.48475609756098,851.091890243902
12880,2,640.13,320.065,0.989837398373984,950.436920731707
12881,1,298,298,0.494918699186992,442.457317073171
12882,2,1463.04,731.52,0.989837398373984,2172.25756097561
12883,4,703.47,175.8675,1.97967479674797,1044.48137195122
12884,1,309.05,309.05,0.494918699186992,458.863871951219
12885,3,1175.22,391.74,1.48475609756098,1744.91506097561
12886,2,1378.4,689.2,0.989837398373984,2046.58780487805
12887,1,222.4,222.4,0.494918699186992,330.209756097561
12888,2,354.12,177.06,0.989837398373984,525.781829268293
12889,4,385.46,96.365,1.97967479674797,572.314085365854
12890,2,717.27,358.635,0.989837398373984,1064.97100609756
12891,11,840.5,76.4090909090909,5.44410569105691,1247.9375
12892,1,263.38,263.38,0.494918699186992,391.05506097561
12893,1,188.14,188.14,0.494918699186992,279.342012195122
12894,1,157.35,157.35,0.494918699186992,233.626371951219
12895,2,372.8,186.4,0.989837398373984,553.517073170732
12897,4,514.25,128.5625,1.97967479674797,763.535823170732
12898,2,310.96,155.48,0.989837398373984,461.699756097561
12899,1,366.4,366.4,0.494918699186992,544.014634146341
12900,1,340.33,340.33,0.494918699186992,505.307042682927
12901,28,17654.54,630.519285714286,13.8577235772358,26212.6859146341
12902,1,138.68,138.68,0.494918699186992,205.905975609756
12903,1,833.53,833.53,0.494918699186992,1237.58875
12904,2,509.58,254.79,0.989837398373984,756.602012195122
12905,2,1018.42,509.21,0.989837398373984,1512.10530487805
12906,5,2919.81,583.962,2.47459349593496,4335.20570121951
12907,2,508.91,254.455,0.989837398373984,755.607225609756
12908,5,1776,355.2,2.47459349593496,2636.92682926829
12909,8,3103.19,387.89875,3.95934959349593,4607.48027439024
12910,13,5796.52,445.886153846154,6.43394308943089,8606.41841463415
12911,1,1680.47,1680.47,0.494918699186992,2495.08807926829
12912,5,1662.3,332.46,2.47459349593496,2468.11006097561
12913,13,6700.86,515.450769230769,6.43394308943089,9949.14274390244
12914,1,223.98,223.98,0.494918699186992,332.555670731707
12915,4,1174.75,293.6875,1.97967479674797,1744.21722560976
12916,7,4654.02,664.86,3.46443089430894,6910.08457317073
12917,6,4359.2,726.533333333333,2.96951219512195,6472.3487804878
12918,1,10953.5,10953.5,0.494918699186992,16263.2759146341
12919,6,1335.19,222.531666666667,2.96951219512195,1982.43149390244
12920,4,488.09,122.0225,1.97967479674797,724.694603658537
12921,74,35921.04,485.419459459459,36.6239837398374,53333.9831707317
12922,1,405.38,405.38,0.494918699186992,601.890426829268
12923,3,789.87,263.29,1.48475609756098,1172.76429878049
12924,12,2469.4,205.783333333333,5.9390243902439,3666.45670731707
12925,3,729.33,243.11,1.48475609756098,1082.87716463415
12926,4,1548.46,387.115,1.97967479674797,2299.08542682927
12927,1,197.31,197.31,0.494918699186992,292.957225609756
12928,12,4304.89,358.740833333333,5.9390243902439,6391.71167682927
12929,1,117.85,117.85,0.494918699186992,174.978506097561
12930,2,415.8,207.9,0.989837398373984,617.361585365854
12931,57,92347.34,1620.12877192982,28.2103658536585,137113.276158537
12932,8,1698.56,212.32,3.95934959349593,2521.94731707317
12933,8,1687.03,210.87875,3.95934959349593,2504.82807926829
12934,1,181.65,181.65,0.494918699186992,269.705945121951
12935,15,4243.86,282.924,7.42378048780488,6301.09701219512
12936,4,1063.9,265.975,1.97967479674797,1579.63201219512
12937,9,3097.61,344.178888888889,4.45426829268293,4599.19533536585
12938,1,114.14,114.14,0.494918699186992,169.47006097561
12939,20,25264.8,1263.24,9.89837398373984,37512.0658536585
12940,2,913.54,456.77,0.989837398373984,1356.38408536585
12941,1,377.49,377.49,0.494918699186992,560.480579268293
12942,3,942.65,314.216666666667,1.48475609756098,1399.60533536585
12943,2,496.5,248.25,0.989837398373984,737.181402439024
12944,2,604.51,302.255,0.989837398373984,897.549908536585
12945,2,900.11,450.055,0.989837398373984,1336.44381097561
12946,1,324.45,324.45,0.494918699186992,481.729115853659
12947,6,1908.03,318.005,2.96951219512195,2832.95917682927
12948,9,2317.43,257.492222222222,4.45426829268293,3440.81832317073
12949,22,15526.7,705.759090909091,10.8882113821138,23053.3625
12950,3,1843,614.333333333333,1.48475609756098,2736.40548780488
12951,15,3213.72,214.248,7.42378048780488,4771.59036585366
12952,4,1387.79,346.9475,1.97967479674797,2060.52966463415
12953,2,828.81,414.405,0.989837398373984,1230.58070121951
12954,1,162.45,162.45,0.494918699186992,241.19862804878
12955,11,4757.16,432.469090909091,5.44410569105691,7063.22231707317
12956,4,521.89,130.4725,1.97967479674797,774.879359756098
12957,13,8706.97,669.766923076923,6.43394308943089,12927.7267987805
12958,2,539.49,269.745,0.989837398373984,801.011067073171
12959,1,150.95,150.95,0.494918699186992,224.123932926829
12960,4,1322.07,330.5175,1.97967479674797,1962.95149390244
12961,1,211.99,211.99,0.494918699186992,314.753445121951
12962,2,266.39,133.195,0.989837398373984,395.524176829268
12963,12,3601.59,300.1325,5.9390243902439,5347.48271341463
12964,1,132.24,132.24,0.494918699186992,196.344146341463
12965,1,771.91,771.91,0.494918699186992,1146.09807926829
12966,1,160.18,160.18,0.494918699186992,237.828231707317
12967,3,4306.92,1435.64,1.48475609756098,6394.72573170732
12968,1,135.95,135.95,0.494918699186992,201.852591463415
12969,1,122.45,122.45,0.494918699186992,181.808384146341
12970,10,1524.97,152.497,4.94918699186992,2264.20850609756
12971,116,15972.79,137.696465517241,57.4105691056911,23715.697347561
12972,4,1161.2,290.3,1.97967479674797,1724.0987804878
12973,1,385.55,385.55,0.494918699186992,572.447713414634
12974,2,408.95,204.475,0.989837398373984,607.191006097561
12975,6,2100.09,350.015,2.96951219512195,3118.12143292683
12976,8,3156.38,394.5475,3.95934959349593,4686.45445121951
12977,4,517.63,129.4075,1.97967479674797,768.554298780488
12978,5,2502.82,500.564,2.47459349593496,3716.07725609756
12979,1,517.7,517.7,0.494918699186992,768.658231707317
12980,21,16245.78,773.608571428572,10.3932926829268,24121.0209146341
12981,2,372.22,186.11,0.989837398373984,552.655914634146
12982,8,2744.81,343.10125,3.95934959349593,4075.37338414634
12983,1,490.08,490.08,0.494918699186992,727.649268292683
12984,1,97.5,97.5,0.494918699186992,144.763719512195
12985,2,1239.38,619.69,0.989837398373984,1840.17701219512
12986,10,2729.84,272.984,4.94918699186992,4053.14658536585
12987,5,1312.21,262.442,2.47459349593496,1948.31179878049
12988,1,535.32,535.32,0.494918699186992,794.819634146342
12989,33,13551.75,410.659090909091,16.3323170731707,20121.043445122
12990,7,955.5,136.5,3.46443089430894,1418.68445121951
12991,3,764.82,254.94,1.48475609756098,1135.57115853659
12992,1,93.35,93.35,0.494918699186992,138.601981707317
12993,8,1259.63,157.45375,3.95934959349593,1870.24332317073
12994,3,974.42,324.806666666667,1.48475609756098,1446.77603658537
12995,1,211.32,211.32,0.494918699186992,313.758658536585
12996,1,355.5,355.5,0.494918699186992,527.830792682927
12997,8,2110.91,263.86375,3.95934959349593,3134.18649390244
12998,3,920.08,306.693333333333,1.48475609756098,1366.0943902439
12999,3,455.88,151.96,1.48475609756098,676.870609756098
13000,4,1032.5,258.125,1.97967479674797,1533.01067073171
13001,33,24172.1,732.487878787879,16.3323170731707,35889.6728658537
13002,3,414.13,138.043333333333,1.48475609756098,614.882042682927
13003,3,149.05,49.6833333333333,1.48475609756098,221.302896341463
13004,36,11650.85,323.634722222222,17.8170731707317,17298.6705792683
13005,4,999.68,249.92,1.97967479674797,1484.28097560976
13006,1,81.57,81.57,0.494918699186992,121.111554878049
13007,1,175.25,175.25,0.494918699186992,260.203506097561
13008,3,612.13,204.043333333333,1.48475609756098,908.86375
13009,1,234,234,0.494918699186992,347.432926829268
13010,2,330.12,165.06,0.989837398373984,490.147682926829
13011,1,101.1,101.1,0.494918699186992,150.108841463415
13012,11,2972.83,270.257272727273,5.44410569105691,4413.92746951219
13013,29,12625.77,435.371379310345,14.3526422764228,18746.1889939024
13014,11,5381.08,489.189090909091,5.44410569105691,7989.59134146341
13015,11,6586.42,598.765454545455,5.44410569105691,9779.22725609756
13016,3,789.89,263.296666666667,1.48475609756098,1172.79399390244
13017,1,204,204,0.494918699186992,302.890243902439
13018,35,9763.16,278.947428571429,17.3221544715447,14495.9113414634
13019,6,1229.95,204.991666666667,2.96951219512195,1826.17576219512
13020,2,618.96,309.48,0.989837398373984,919.004634146341
13021,17,4887.24,287.484705882353,8.41361788617886,7256.3593902439
13022,1,65.3,65.3,0.494918699186992,96.9545731707317
13023,3,1449.03,483.01,1.48475609756098,2151.45612804878
13024,2,555.87,277.935,0.989837398373984,825.331371951219
13025,1,323.39,323.39,0.494918699186992,480.155274390244
13026,9,1733.08,192.564444444444,4.45426829268293,2573.20109756098
13027,19,17335.2,912.378947368421,9.40345528455284,25738.543902439
13028,2,661.32,330.66,0.989837398373984,981.898902439024
13029,5,1927.3,385.46,2.47459349593496,2861.57042682927
13030,2,1227.22,613.61,0.989837398373984,1822.12237804878
13031,5,3419.27,683.854,2.47459349593496,5076.78198170732
13032,9,2843.55,315.95,4.45426829268293,4221.97820121951
13033,2,220.55,110.275,0.989837398373984,327.462957317073
13034,3,922.68,307.56,1.48475609756098,1369.95475609756
13035,3,1364.2,454.733333333333,1.48475609756098,2025.50426829268
13036,1,307.1,307.1,0.494918699186992,455.968597560976
13037,12,3914.95,326.245833333333,5.9390243902439,5812.74588414634
13038,3,908.46,302.82,1.48475609756098,1348.84152439024
13039,4,1010.73,252.6825,1.97967479674797,1500.6875304878
13040,2,676.99,338.495,0.989837398373984,1005.1650304878
13041,4,799.13,199.7825,1.97967479674797,1186.5131402439
13042,3,1556.54,518.846666666667,1.48475609756098,2311.08225609756
13043,1,516.42,516.42,0.494918699186992,766.757743902439
13044,11,4853.9,441.263636363636,5.44410569105691,7206.85762195122
13045,3,808.92,269.64,1.48475609756098,1201.04890243902
13046,3,949.25,316.416666666667,1.48475609756098,1409.40472560976
13047,24,8795.16,366.465,11.8780487804878,13058.6674390244
13048,9,4084.21,453.801111111111,4.45426829268293,6064.05570121951
13049,4,1408.24,352.06,1.97967479674797,2090.89292682927
13050,35,12344.53,352.700857142857,17.3221544715447,18328.6161890244
13051,2,155.8,77.9,0.989837398373984,231.325
13052,7,3168.53,452.647142857143,3.46443089430894,4704.49423780488
13053,1,127.65,127.65,0.494918699186992,189.529115853659
13055,4,2321.11,580.2775,1.97967479674797,3446.28222560976
13056,1,209.48,209.48,0.494918699186992,311.026707317073
13057,3,722.09,240.696666666667,1.48475609756098,1072.1275304878
13058,3,271.4,90.4666666666667,1.48475609756098,402.962804878049
13059,10,2303.17,230.317,4.94918699186992,3419.64570121951
13060,1,307.53,307.53,0.494918699186992,456.607042682927
13061,1,248.61,248.61,0.494918699186992,369.125213414634
13062,1,346.98,346.98,0.494918699186992,515.180670731707
13063,1,188.4,188.4,0.494918699186992,279.728048780488
13064,6,1680.74,280.123333333333,2.96951219512195,2495.48896341463
13065,5,1260.91,252.182,2.47459349593496,1872.14381097561
13066,2,470.8,235.4,0.989837398373984,699.023170731707
13067,3,508.51,169.503333333333,1.48475609756098,755.013323170732
13068,2,344,172,0.989837398373984,510.756097560976
13069,38,9683.13,254.819210526316,18.8069105691057,14377.0863109756
13070,4,751.7,187.925,1.97967479674797,1116.09115853659
13071,1,129.22,129.22,0.494918699186992,191.860182926829
13072,1,177.15,177.15,0.494918699186992,263.024542682927
13073,2,418.08,209.04,0.989837398373984,620.746829268293
13074,4,1378.74,344.685,1.97967479674797,2047.09262195122
13075,1,919.61,919.61,0.494918699186992,1365.39655487805
13076,1,135.4,135.4,0.494918699186992,201.035975609756
13077,11,3064.67,278.606363636364,5.44410569105691,4550.2874695122
13078,57,29532.45,518.113157894737,28.2103658536585,43848.4852134146
13079,6,419.18,69.8633333333333,2.96951219512195,622.38006097561
13080,4,280.73,70.1825,1.97967479674797,416.815579268293
13081,28,59205.15,2114.46964285714,13.8577235772358,87905.2074695122
13082,21,7335.75,349.321428571429,10.3932926829268,10891.7995426829
13083,3,395.43,131.81,1.48475609756098,587.117103658537
13084,1,122.4,122.4,0.494918699186992,181.734146341463
13085,8,2433.28,304.16,3.95934959349593,3612.82731707317
13086,1,439.33,439.33,0.494918699186992,652.297896341463
13087,1,313.64,313.64,0.494918699186992,465.678902439024
13088,1,236.11,236.11,0.494918699186992,350.565762195122
13089,203,116737.86,575.063349753695,100.468495934959,173327.24945122
13090,24,14103.09,587.62875,11.8780487804878,20939.6488719512
13091,3,2321.82,773.94,1.48475609756098,3447.33640243902
13092,12,2140.28,178.356666666667,5.9390243902439,3177.79378048781
13093,55,54943.65,998.975454545455,27.2205284552846,81577.9193597561
13094,13,2433.12,187.163076923077,6.43394308943089,3612.58975609756
13095,1,74.4,74.4,0.494918699186992,110.465853658537
13096,1,419.7,419.7,0.494918699186992,623.152134146341
13097,28,13389.22,478.186428571429,13.8577235772358,19879.7260365854
13098,28,28882.44,1031.51571428571,13.8577235772358,42883.378902439
13099,1,207.36,207.36,0.494918699186992,307.879024390244
13101,4,695.4,173.85,1.97967479674797,1032.4993902439
13102,37,11696.92,316.132972972973,18.3119918699187,17367.0732926829
13103,3,709.64,236.546666666667,1.48475609756098,1053.64231707317
13104,9,1709.1,189.9,4.45426829268293,2537.59664634146
13105,1,72,72,0.494918699186992,106.90243902439
13106,2,603.46,301.73,0.989837398373984,895.990914634146
13107,9,5253.07,583.674444444444,4.45426829268293,7799.52771341463
13108,2,1098.52,549.26,0.989837398373984,1631.03426829268
13109,3,1134.03,378.01,1.48475609756098,1683.75795731707
13110,12,2957.47,246.455833333333,5.9390243902439,4391.12161585366
13111,1,321.88,321.88,0.494918699186992,477.913292682927
13112,1,20.6,20.6,0.494918699186992,30.5859756097561
13113,37,18625.73,503.398108108108,18.3119918699187,27654.6661890244
13114,1,234.38,234.38,0.494918699186992,347.997134146341
13115,10,5494.7,549.47,4.94918699186992,8158.28932926829
13116,1,501.14,501.14,0.494918699186992,744.070670731707
13117,18,2643.81,146.878333333333,8.90853658536585,3925.41301829268
13118,9,2415.41,268.378888888889,4.45426829268293,3586.29472560976
13119,1,134.9,134.9,0.494918699186992,200.293597560976
13120,1,30.6,30.6,0.494918699186992,45.4335365853659
13121,1,283.73,283.73,0.494918699186992,421.269847560976
13122,2,922.39,461.195,0.989837398373984,1369.52417682927
13123,2,506.75,253.375,0.989837398373984,752.400152439024
13124,4,4782.45,1195.6125,1.97967479674797,7100.77179878049
13125,1,158.57,158.57,0.494918699186992,235.437774390244
13126,13,3998.25,307.557692307692,6.43394308943089,5936.42606707317
13127,1,259.17,259.17,0.494918699186992,384.804237804878
13128,1,263.5,263.5,0.494918699186992,391.233231707317
13129,2,233.25,116.625,0.989837398373984,346.319359756098
13130,1,64,64,0.494918699186992,95.0243902439024
13131,7,3313.77,473.395714285714,3.46443089430894,4920.14021341463
13132,1,77.3,77.3,0.494918699186992,114.771646341463
13133,3,200.45,66.8166666666667,1.48475609756098,297.619359756098
13134,6,2475.23,412.538333333333,2.96951219512195,3675.11283536585
13135,2,3371.45,1685.725,0.989837398373984,5005.78094512195
13136,13,6274.56,482.658461538462,6.43394308943089,9316.19121951219
13137,16,7712.7,482.04375,7.91869918699187,11451.4783536585
13138,7,1467.24,209.605714285714,3.46443089430894,2178.49353658537
13139,8,8202.98,1025.3725,3.95934959349593,12179.4245731707
13140,5,1215.68,243.136,2.47459349593496,1804.98829268293
13141,17,7668.58,451.092941176471,8.41361788617886,11385.9709146341
13142,1,307.09,307.09,0.494918699186992,455.95375
13143,1,405.1,405.1,0.494918699186992,601.474695121951
13144,2,135.35,67.675,0.989837398373984,200.961737804878
13145,7,1423.52,203.36,3.46443089430894,2113.58
13146,1,228.91,228.91,0.494918699186992,339.875518292683
13147,4,712.8,178.2,1.97967479674797,1058.33414634146
13148,26,8621.81,331.608076923077,12.8678861788618,12801.2849695122
13149,4,1676.06,419.015,1.97967479674797,2488.54030487805
13150,3,449.97,149.99,1.48475609756098,668.095701219512
13151,3,2580.74,860.246666666667,1.48475609756098,3831.76945121951
13152,7,2146.38,306.625714285714,3.46443089430894,3186.85079268293
13153,1,486.22,486.22,0.494918699186992,721.918109756097
13154,3,1624.84,541.613333333333,1.48475609756098,2412.49109756098
13155,6,1750.18,291.696666666667,2.96951219512195,2598.59042682927
13156,3,1586.54,528.846666666667,1.48475609756098,2355.62493902439
13157,9,5687.36,631.928888888889,4.45426829268293,8444.34243902439
13158,5,1508.18,301.636,2.47459349593496,2239.27945121951
13159,4,1437.85,359.4625,1.97967479674797,2134.85655487805
13160,1,91.8,91.8,0.494918699186992,136.300609756098
13161,2,478.88,239.44,0.989837398373984,711.02
13162,16,9275.49,579.718125,7.91869918699187,13771.8403353659
13163,1,17.65,17.65,0.494918699186992,26.2059451219512
13164,2,372.2,186.1,0.989837398373984,552.626219512195
13165,3,1451.16,483.72,1.48475609756098,2154.61865853658
13166,2,884.18,442.09,0.989837398373984,1312.79164634146
13167,5,1125.15,225.03,2.47459349593496,1670.57332317073
13168,5,1875.31,375.062,2.47459349593496,2784.37795731707
13169,3,840.08,280.026666666667,1.48475609756098,1247.31390243902
13170,1,116.01,116.01,0.494918699186992,172.246554878049
13171,3,468.41,156.136666666667,1.48475609756098,695.474603658536
13172,1,69.6,69.6,0.494918699186992,103.339024390244
13173,11,2639.35,239.940909090909,5.44410569105691,3918.79100609756
13174,12,9494.84,791.236666666667,5.9390243902439,14097.5215853659
13175,2,831.45,415.725,0.989837398373984,1234.50045731707
13176,1,492.84,492.84,0.494918699186992,731.747195121951
13177,2,512.2,256.1,0.989837398373984,760.492073170732
13178,21,14059.19,669.485238095238,10.3932926829268,20874.4680792683
13179,1,572.31,572.31,0.494918699186992,849.740762195122
13180,1,86.1,86.1,0.494918699186992,127.8375
13181,1,359.69,359.69,0.494918699186992,534.051920731707
13182,1,121.18,121.18,0.494918699186992,179.922743902439
13183,15,7036.18,469.078666666667,7.42378048780488,10447.0111585366
13184,10,1701.29,170.129,4.94918699186992,2526.00070121951
13185,1,71.4,71.4,0.494918699186992,106.011585365854
13186,3,1575.89,525.296666666667,1.48475609756098,2339.81228658537
13187,4,367.01,91.7525,1.97967479674797,544.920335365854
13188,1,114.6,114.6,0.494918699186992,170.153048780488
13189,2,260.68,130.34,0.989837398373984,387.046219512195
13190,3,570.66,190.22,1.48475609756098,847.290914634146
13191,1,164.69,164.69,0.494918699186992,244.524481707317
13192,6,2558.58,426.43,2.96951219512195,3798.86725609756
13193,1,117.88,117.88,0.494918699186992,175.023048780488
13194,2,472.78,236.39,0.989837398373984,701.962987804878
13195,1,172.38,172.38,0.494918699186992,255.942256097561
13196,7,3068.84,438.405714285714,3.46443089430894,4556.47890243902
13197,1,373.01,373.01,0.494918699186992,553.82887195122
13198,8,4974.23,621.77875,3.95934959349593,7385.51832317073
13199,67,16432.89,245.267014925373,33.1595528455285,24398.8336280488
13200,4,870.09,217.5225,1.97967479674797,1291.87143292683
13201,4,1240.61,310.1525,1.97967479674797,1842.00326219512
13202,7,1580.3,225.757142857143,3.46443089430894,2346.36006097561
13203,10,2648.25,264.825,4.94918699186992,3932.00533536585
13204,1,966.66,966.66,0.494918699186992,1435.25432926829
13205,1,2803.2,2803.2,0.494918699186992,4162.06829268293
13206,13,8377.32,644.409230769231,6.43394308943089,12438.2769512195
13207,4,535.86,133.965,1.97967479674797,795.621402439024
13208,9,1988.5,220.944444444444,4.45426829268293,2952.4375
13209,13,8509.51,654.577692307692,6.43394308943089,12634.5468597561
13210,1,353.48,353.48,0.494918699186992,524.831585365854
13211,10,2729.32,272.932,4.94918699186992,4052.37451219512
13212,3,788.08,262.693333333333,1.48475609756098,1170.10658536585
13213,11,3851.52,350.138181818182,5.44410569105691,5718.56780487805
13214,7,3264.23,466.318571428571,3.46443089430894,4846.58539634146
13215,1,81.6,81.6,0.494918699186992,121.156097560976
13216,1,333.74,333.74,0.494918699186992,495.5225
13217,4,666.48,166.62,1.97967479674797,989.560243902439
13218,1,62.64,62.64,0.494918699186992,93.0051219512195
13219,1,76.23,76.23,0.494918699186992,113.182957317073
13220,5,1336.09,267.218,2.47459349593496,1983.76777439024
13221,2,847.41,423.705,0.989837398373984,1258.19716463415
13222,1,88.5,88.5,0.494918699186992,131.400914634146
13223,6,969.12,161.52,2.96951219512195,1438.90682926829
13224,2,2155.95,1077.975,0.989837398373984,3201.05990853658
13225,16,16260.07,1016.254375,7.91869918699187,24142.2380792683
13226,2,312.46,156.23,0.989837398373984,463.926890243902
13227,1,257.7,257.7,0.494918699186992,382.621646341463
13228,1,358,358,0.494918699186992,531.542682926829
13229,1,160.95,160.95,0.494918699186992,238.971493902439
13230,30,6360.78,212.026,14.8475609756098,9444.2068902439
13232,7,1357.6,193.942857142857,3.46443089430894,2015.70487804878
13233,4,1176.46,294.115,1.97967479674797,1746.75615853659
13234,2,356.95,178.475,0.989837398373984,529.98368902439
13235,1,1031.07,1031.07,0.494918699186992,1530.88746951219
13236,2,744.85,372.425,0.989837398373984,1105.92057926829
13237,1,643,643,0.494918699186992,954.698170731707
13238,6,1006.63,167.771666666667,2.96951219512195,1494.6000304878
13239,5,1594.69,318.938,2.47459349593496,2367.72570121951
13240,8,1738.52,217.315,3.95934959349593,2581.27817073171
13241,1,115.58,115.58,0.494918699186992,171.608109756098
13242,7,699.4,99.9142857142857,3.46443089430894,1038.43841463415
13243,5,1278.04,255.608,2.47459349593496,1897.57768292683
13244,1,121.74,121.74,0.494918699186992,180.754207317073
13245,2,989.22,494.61,0.989837398373984,1468.75042682927
13246,11,3387.43,307.948181818182,5.44410569105691,5029.50734756097
13247,4,501.12,125.28,1.97967479674797,744.040975609756
13248,2,465.68,232.84,0.989837398373984,691.421219512195
13249,9,1608.93,178.77,4.45426829268293,2388.86862804878
13250,2,256.04,128.02,0.989837398373984,380.156951219512
13251,1,252.68,252.68,0.494918699186992,375.168170731707
13252,2,399.3,199.65,0.989837398373984,592.863109756098
13253,4,2951.11,737.7775,1.97967479674797,4381.67856707317
13254,1,51.41,51.41,0.494918699186992,76.3313109756098
13255,3,904.46,301.486666666667,1.48475609756098,1342.9025
13257,1,149.75,149.75,0.494918699186992,222.342225609756
13258,5,1035.18,207.036,2.47459349593496,1536.98981707317
13259,9,1433.38,159.264444444444,4.45426829268293,2128.21969512195
13260,1,557.62,557.62,0.494918699186992,827.929695121951
13261,2,944.1,472.05,0.989837398373984,1401.75823170732
13262,3,573.45,191.15,1.48475609756098,851.433384146341
13263,39,8704.69,223.19717948718,19.3018292682927,12924.341554878
13264,1,722.56,722.56,0.494918699186992,1072.82536585366
13265,5,2107.66,421.532,2.47459349593496,3129.36103658537
13266,19,6135.04,322.896842105263,9.40345528455284,9109.03804878049
13267,36,9758.26,271.062777777778,17.8170731707317,14488.6360365854
13268,11,3214.69,292.244545454545,5.44410569105691,4773.03057926829
13269,28,8891.7,317.560714285714,13.8577235772358,13202.0057926829
13270,1,1180,1180,0.494918699186992,1752.01219512195
13271,1,217.38,217.38,0.494918699186992,322.756280487805
13272,2,276.56,138.28,0.989837398373984,410.624146341463
13273,1,138.98,138.98,0.494918699186992,206.351402439024
13274,1,360.85,360.85,0.494918699186992,535.774237804878
13275,2,241.66,120.83,0.989837398373984,358.806158536585
13276,5,1939.26,387.852,2.47459349593496,2879.3281097561
13277,7,523.3,74.7571428571429,3.46443089430894,776.972865853658
13278,4,1435.85,358.9625,1.97967479674797,2131.88704268293
13279,1,137.75,137.75,0.494918699186992,204.525152439024
13280,7,2322.63,331.804285714286,3.46443089430894,3448.53905487805
13281,1,350.85,350.85,0.494918699186992,520.926676829268
13282,4,1313.19,328.2975,1.97967479674797,1949.7668597561
13283,4,373.36,93.34,1.97967479674797,554.348536585366
13284,1,201.19,201.19,0.494918699186992,298.718079268293
13285,6,3364.59,560.765,2.96951219512195,4995.59551829268
13286,1,734.91,734.91,0.494918699186992,1091.16210365854
13287,3,781.59,260.53,1.48475609756098,1160.47051829268
13288,5,927.61,185.522,2.47459349593496,1377.27460365854
13289,1,307.95,307.95,0.494918699186992,457.230640243902
13290,1,208.63,208.63,0.494918699186992,309.764664634146
13291,11,3320.84,301.894545454545,5.44410569105691,4930.63743902439
13292,5,994.51,198.902,2.47459349593496,1476.60478658537
13293,6,1192.94,198.823333333333,2.96951219512195,1771.22493902439
13294,3,1689.53,563.176666666667,1.48475609756098,2508.53996951219
13295,4,1101.97,275.4925,1.97967479674797,1636.15667682927
13296,6,792.51,132.085,2.96951219512195,1176.68405487805
13297,7,4368.62,624.088571428571,3.46443089430894,6486.33518292683
13298,1,360,360,0.494918699186992,534.512195121951
13299,3,1218.7,406.233333333333,1.48475609756098,1809.47225609756
13300,3,1285.51,428.503333333333,1.48475609756098,1908.66881097561
13301,4,618.09,154.5225,1.97967479674797,917.712896341463
13302,2,159.2,79.6,0.989837398373984,236.373170731707
13303,1,61.72,61.72,0.494918699186992,91.6391463414634
13304,4,1217.99,304.4975,1.97967479674797,1808.41807926829
13305,16,3754.71,234.669375,7.91869918699187,5574.82856707317
13306,1,53.65,53.65,0.494918699186992,79.6571646341463
13307,3,273.34,91.1133333333333,1.48475609756098,405.843231707317
13308,4,1670.37,417.5925,1.97967479674797,2480.09204268293
13309,6,1706.37,284.395,2.96951219512195,2533.54326219512
13310,5,1541.2,308.24,2.47459349593496,2288.30609756098
13311,2,598.57,299.285,0.989837398373984,888.730457317073
13312,1,124.75,124.75,0.494918699186992,185.223323170732
13313,12,3445.32,287.11,5.9390243902439,5115.45987804878
13314,3,775.94,258.646666666667,1.48475609756098,1152.08164634146
13315,1,310.26,310.26,0.494918699186992,460.660426829268
13316,10,13191.57,1319.157,4.94918699186992,19586.2639939024
13317,19,6486.091,341.373210526316,9.40345528455284,9630.26316158536
13318,3,640.76,213.586666666667,1.48475609756098,951.372317073171
13319,58,22082.5,380.73275862069,28.7052845528455,32787.1265243902
13320,6,2228.1,371.35,2.96951219512195,3308.18506097561
13321,2,567.36,283.68,0.989837398373984,842.391219512195
13322,1,199.48,199.48,0.494918699186992,296.179146341463
13323,5,787.85,157.57,2.47459349593496,1169.76509146341
13324,18,10513.47,584.081666666667,8.90853658536585,15609.9386890244
13325,1,675.3,675.3,0.494918699186992,1002.65579268293
13326,1,281.76,281.76,0.494918699186992,418.34487804878
13327,20,9879.48,493.974,9.89837398373984,14668.6181707317
13328,1,1308.48,1308.48,0.494918699186992,1942.77365853659
13329,8,5112.97,639.12125,3.95934959349593,7591.51338414634
13330,6,2806.18,467.696666666667,2.96951219512195,4166.49286585366
13331,1,262.4,262.4,0.494918699186992,389.6
13332,1,350.9,350.9,0.494918699186992,521.000914634146
13333,3,1015.74,338.58,1.48475609756098,1508.12615853659
13334,5,6263.75,1252.75,2.47459349593496,9300.14100609756
13336,1,795.12,795.12,0.494918699186992,1180.55926829268
13337,1,1575.26,1575.26,0.494918699186992,2338.8768902439
13338,4,2445.62,611.405,1.97967479674797,3631.14920731707
13339,1,860.12,860.12,0.494918699186992,1277.06841463415
13340,12,22100.56,1841.71333333333,5.9390243902439,32813.9412195122
13341,1,775.85,775.85,0.494918699186992,1151.94801829268
13343,1,353.43,353.43,0.494918699186992,524.757347560976
13344,3,2543.72,847.906666666667,1.48475609756098,3776.8037804878
13345,1,389.5,389.5,0.494918699186992,578.3125
13346,6,299.4,49.9,2.96951219512195,444.535975609756
13347,1,341.36,341.36,0.494918699186992,506.836341463415
13348,1,233.76,233.76,0.494918699186992,347.076585365854
13349,1,247.32,247.32,0.494918699186992,367.20987804878
13350,2,979.12,489.56,0.989837398373984,1453.7543902439
13351,1,373.94,373.94,0.494918699186992,555.209695121951
13352,1,397.98,397.98,0.494918699186992,590.903231707317
13354,1,743.53,743.53,0.494918699186992,1103.96070121951
13355,1,674.7,674.7,0.494918699186992,1001.76493902439
13356,1,768.24,768.24,0.494918699186992,1140.64902439024
13357,5,3838.36,767.672,2.47459349593496,5699.02841463415
13358,1,439.03,439.03,0.494918699186992,651.852469512195
13359,2,1043.31,521.655,0.989837398373984,1549.06088414634
13360,4,1553.65,388.4125,1.97967479674797,2306.79131097561
13361,2,1450.5,725.25,0.989837398373984,2153.6387195122
13362,7,5394.07,770.581428571429,3.46443089430894,8008.87832317073
13363,3,1723.86,574.62,1.48475609756098,2559.51164634146
13364,1,134.96,134.96,0.494918699186992,200.382682926829
13365,2,2225.37,1112.685,0.989837398373984,3304.13167682927
13366,1,56.16,56.16,0.494918699186992,83.3839024390244
13367,1,510.2,510.2,0.494918699186992,757.52256097561
13368,4,1121.5,280.375,1.97967479674797,1665.15396341463
13369,1,616.56,616.56,0.494918699186992,915.441219512195
13370,1,1509.74,1509.74,0.494918699186992,2241.59567073171
13371,2,2297.66,1148.83,0.989837398373984,3411.46469512195
13372,1,378.64,378.64,0.494918699186992,562.188048780488
13373,6,7587.19,1264.53166666667,2.96951219512195,11265.1266158537
13374,2,422.8,211.4,0.989837398373984,627.75487804878
13375,2,1792.23,896.115,0.989837398373984,2661.02442073171
13376,3,1019.76,339.92,1.48475609756098,1514.09487804878
13377,2,1552.88,776.44,0.989837398373984,2305.64804878049
13379,3,572.56,190.853333333333,1.48475609756098,850.111951219512
13380,1,62.4,62.4,0.494918699186992,92.6487804878049
13381,12,8224.37,685.364166666667,5.9390243902439,12211.1835060976
13382,5,1387.58,277.516,2.47459349593496,2060.21786585366
13383,1,305.28,305.28,0.494918699186992,453.266341463415
13384,11,6680.83,607.348181818182,5.44410569105691,9919.40307926829
13385,1,534.57,534.57,0.494918699186992,793.706067073171
13386,2,835.46,417.73,0.989837398373984,1240.45432926829
13387,1,189.44,189.44,0.494918699186992,281.272195121951
13388,3,1185.65,395.216666666667,1.48475609756098,1760.40106707317
13389,3,797.96,265.986666666667,1.48475609756098,1184.77597560976
13390,1,544.08,544.08,0.494918699186992,807.826097560976
13391,1,59.8,59.8,0.494918699186992,88.7884146341463
13392,1,91.14,91.14,0.494918699186992,135.320670731707
13393,4,1131.45,282.8625,1.97967479674797,1679.92728658537
13394,19,6621.7,348.510526315789,9.40345528455284,9831.60945121951
13395,3,1180.23,393.41,1.48475609756098,1752.35368902439
13396,2,1360.99,680.495,0.989837398373984,2020.73820121951
13397,10,3191.87,319.187,4.94918699186992,4739.14844512195
13398,2,670.34,335.17,0.989837398373984,995.291402439024
13399,3,275.4,91.8,1.48475609756098,408.901829268293
13400,1,310.83,310.83,0.494918699186992,461.506737804878
13402,4,1535.13,383.7825,1.97967479674797,2279.29362804878
13403,3,229.5,76.5,1.48475609756098,340.751524390244
13404,2,252.49,126.245,0.989837398373984,374.886067073171
13405,6,1213.811,202.301833333333,2.96951219512195,1802.21328353659
13406,2,568.92,284.46,0.989837398373984,844.70743902439
13407,3,2244.7,748.233333333333,1.48475609756098,3332.83201219512
13408,106,51733.462,488.051528301887,52.4613821138211,76811.573152439
13410,9,2201.96,244.662222222222,4.45426829268293,3269.37353658537
13411,1,213.55,213.55,0.494918699186992,317.069664634146
13412,1,487.35,487.35,0.494918699186992,723.595884146341
13413,6,429.44,71.5733333333333,2.96951219512195,637.613658536585
13414,6,2494.14,415.69,2.96951219512195,3703.18957317073
13415,4,800.67,200.1675,1.97967479674797,1188.79966463415
13416,3,940.8,313.6,1.48475609756098,1396.85853658537
13417,6,1669.49,278.248333333333,2.96951219512195,2478.78545731707
13418,31,12233.6,394.632258064516,15.3424796747967,18163.9121951219
13419,1,221.06,221.06,0.494918699186992,328.220182926829
13420,2,159.85,79.925,0.989837398373984,237.338262195122
13421,8,4103.12,512.89,3.95934959349593,6092.13243902439
13422,1,2626.3,2626.3,0.494918699186992,3899.41493902439
13423,1,217.03,217.03,0.494918699186992,322.236615853659
13424,1,572.77,572.77,0.494918699186992,850.42375
13425,5,3403.63,680.726,2.47459349593496,5053.56039634146
13426,22,8167.38,371.244545454545,10.8882113821138,12126.5672560976
13427,6,1006.53,167.755,2.96951219512195,1494.45155487805
13428,3,499.98,166.66,1.48475609756098,742.348353658536
13429,4,1006.8,251.7,1.97967479674797,1494.85243902439
13430,2,679.45,339.725,0.989837398373984,1008.8175304878
13431,8,3316.24,414.53,3.95934959349593,4923.80756097561
13432,2,439.1,219.55,0.989837398373984,651.956402439024
13433,4,658.32,164.58,1.97967479674797,977.444634146341
13434,5,1666.86,333.372,2.47459349593496,2474.88054878049
13435,9,4475.23,497.247777777778,4.45426829268293,6644.62503048781
13436,1,196.89,196.89,0.494918699186992,292.33362804878
13437,7,3408.06,486.865714285714,3.46443089430894,5060.13786585366
13438,1,46.5,46.5,0.494918699186992,69.0411585365854
13439,3,986.61,328.87,1.48475609756098,1464.87521341463
13440,7,1295.25,185.035714285714,3.46443089430894,1923.13033536585
13441,2,720.9,360.45,0.989837398373984,1070.36067073171
13442,3,419.87,139.956666666667,1.48475609756098,623.404542682927
13443,6,1280.16,213.36,2.96951219512195,1900.72536585366
13444,2,631.68,315.84,0.989837398373984,937.890731707317
13445,1,241.9,241.9,0.494918699186992,359.1625
13446,11,3881.89,352.899090909091,5.44410569105691,5763.65984756097
13447,3,1129.14,376.38,1.48475609756098,1676.4975
13448,13,9240.87,710.836153846154,6.43394308943089,13720.4380792683
13449,1,291.88,291.88,0.494918699186992,433.370609756098
13450,13,4120.04,316.926153846154,6.43394308943089,6117.25451219512
13451,11,7190.92,653.72,5.44410569105691,10676.7623170732
13452,3,729.8,243.266666666667,1.48475609756098,1083.575
13453,3,781.69,260.563333333333,1.48475609756098,1160.61899390244
13454,1,219.87,219.87,0.494918699186992,326.453323170732
13455,6,2905.93,484.321666666667,2.96951219512195,4314.59728658537
13456,6,1766.72,294.453333333333,2.96951219512195,2623.14829268293
13457,2,148.22,74.11,0.989837398373984,220.070548780488
13458,16,11959.27,747.454375,7.91869918699187,17756.599054878
13459,2,1160.41,580.205,0.989837398373984,1722.92582317073
13460,2,183.44,91.72,0.989837398373984,272.363658536585
13461,6,4160,693.333333333333,2.96951219512195,6176.58536585366
13462,5,1153.85,230.77,2.47459349593496,1713.18582317073
13464,6,3097.64,516.273333333333,2.96951219512195,4599.23987804878
13465,2,931.12,465.56,0.989837398373984,1382.48609756098
13466,5,1013.35,202.67,2.47459349593496,1504.57759146341
13467,2,1083.71,541.855,0.989837398373984,1609.0450304878
13468,72,13390.51,185.979305555556,35.6341463414634,19881.6413719512
13469,1,82.4,82.4,0.494918699186992,122.343902439024
13470,2,165,82.5,0.989837398373984,244.984756097561
13471,4,2531.58,632.895,1.97967479674797,3758.77884146341
13472,2,592.24,296.12,0.989837398373984,879.331951219512
13473,8,2657.76,332.22,3.95934959349593,3946.12536585366
13474,3,663.79,221.263333333333,1.48475609756098,985.56625
13475,4,1431.78,357.945,1.97967479674797,2125.84408536585
13476,5,2061.47,412.294,2.47459349593496,3060.78015243902
13477,11,2834.17,257.651818181818,5.44410569105691,4208.05118902439
13478,5,2215.78,443.156,2.47459349593496,3289.89286585366
13479,4,851.37,212.8425,1.97967479674797,1264.07679878049
13480,2,627.82,313.91,0.989837398373984,932.159573170732
13481,11,3830.84,348.258181818182,5.44410569105691,5687.86304878049
13482,2,336.09,168.045,0.989837398373984,499.011676829268
13483,1,140.34,140.34,0.494918699186992,208.370670731707
13484,3,790.72,263.573333333333,1.48475609756098,1174.02634146341
13485,11,3019.22,274.474545454545,5.44410569105691,4482.80530487805
13486,3,1122.41,374.136666666667,1.48475609756098,1666.50509146341
13487,5,846.87,169.374,2.47459349593496,1257.39539634146
13488,23,15587.88,677.733913043478,11.3831300813008,23144.1998780488
13489,4,449.52,112.38,1.97967479674797,667.42756097561
13490,1,154.25,154.25,0.494918699186992,229.02362804878
13491,27,4566.56,169.131851851852,13.3628048780488,6780.22780487805
13492,3,1269.84,423.28,1.48475609756098,1885.40268292683
13493,2,618.63,309.315,0.989837398373984,918.514664634146
13494,1,316.26,316.26,0.494918699186992,469.568963414634
13495,10,5374.26,537.426,4.94918699186992,7979.46530487805
13496,2,653.33,326.665,0.989837398373984,970.035701219512
13497,6,1320.33,220.055,2.96951219512195,1960.36801829268
13498,1,327.38,327.38,0.494918699186992,486.079451219512
13499,5,1159.11,231.822,2.47459349593496,1720.9956402439
13500,4,1466.3,366.575,1.97967479674797,2177.09786585366
13501,3,2885.11,961.703333333333,1.48475609756098,4283.68466463415
13502,5,780.5,156.1,2.47459349593496,1158.85213414634
13503,6,1905.39,317.565,2.96951219512195,2829.03942073171
13504,1,295.93,295.93,0.494918699186992,439.383871951219
13505,4,4393.63,1098.4075,1.97967479674797,6523.46893292683
13506,5,1639.2,327.84,2.47459349593496,2433.81219512195
13507,4,2479.16,619.79,1.97967479674797,3680.94792682927
13508,2,287.05,143.525,0.989837398373984,426.199237804878
13509,8,1114.72,139.34,3.95934959349593,1655.08731707317
13510,11,4558.29,414.39,5.44410569105691,6767.94887195122
13511,1,282.76,282.76,0.494918699186992,419.829634146341
13512,4,713.39,178.3475,1.97967479674797,1059.21015243902
13513,3,824.59,274.863333333333,1.48475609756098,1224.3150304878
13514,4,815.9,203.975,1.97967479674797,1211.4125
13515,6,1265.82,210.97,2.96951219512195,1879.43396341463
13516,4,1685.26,421.315,1.97967479674797,2502.20006097561
13517,3,2128.42,709.473333333333,1.48475609756098,3160.18457317073
13518,1,659.44,659.44,0.494918699186992,979.10756097561
13519,2,343.21,171.605,0.989837398373984,509.583140243902
13520,11,6909.4,628.127272727273,5.44410569105691,10258.7737804878
13521,3,1093.65,364.55,1.48475609756098,1623.80350609756
13522,1,125.8,125.8,0.494918699186992,186.782317073171
13523,6,5101.52,850.253333333333,2.96951219512195,7574.51292682927
13524,5,680.18,136.036,2.47459349593496,1009.90140243902
13525,2,628.78,314.39,0.989837398373984,933.58493902439
13526,2,1182,591,0.989837398373984,1754.98170731707
13527,12,4683.74,390.311666666667,5.9390243902439,6954.21152439024
13529,2,307.76,153.88,0.989837398373984,456.948536585366
13530,1,402.98,402.98,0.494918699186992,598.327012195122
13531,6,1738.52,289.753333333333,2.96951219512195,2581.27817073171
13532,1,210.31,210.31,0.494918699186992,312.259054878049
13533,3,270.79,90.2633333333333,1.48475609756098,402.057103658537
13534,35,7720.9,220.597142857143,17.3221544715447,11463.6533536585
13535,1,89.5,89.5,0.494918699186992,132.885670731707
13536,7,3448.29,492.612857142857,3.46443089430894,5119.86960365854
13537,2,717.85,358.925,0.989837398373984,1065.83216463415
13538,12,3112.73,259.394166666667,5.9390243902439,4621.64484756097
13539,7,1569.36,224.194285714286,3.46443089430894,2330.11682926829
13540,3,632.39,210.796666666667,1.48475609756098,938.944908536585
13541,2,785.25,392.625,0.989837398373984,1165.90472560976
13542,17,4006.17,235.657058823529,8.41361788617886,5948.18533536585
13543,2,1439.61,719.805,0.989837398373984,2137.46972560976
13544,6,829,138.166666666667,2.96951219512195,1230.86280487805
13545,2,374.64,187.32,0.989837398373984,556.249024390244
13546,5,1092.14,218.428,2.47459349593496,1621.56152439024
13547,1,175.53,175.53,0.494918699186992,260.619237804878
13548,3,908.99,302.996666666667,1.48475609756098,1349.62844512195
13549,8,1005.8,125.725,3.95934959349593,1493.36768292683
13550,1,349.51,349.51,0.494918699186992,518.937103658537
13551,2,244.2,122.1,0.989837398373984,362.57743902439
13552,22,6978.92,317.223636363636,10.8882113821138,10361.9940243902
13553,1,517.8,517.8,0.494918699186992,768.806707317073
13554,7,1638.28,234.04,3.46443089430894,2432.44621951219
13555,13,8999.19,692.245384615385,6.43394308943089,13361.6022256098
13556,2,200.82,100.41,0.989837398373984,298.168719512195
13557,13,3032.26,233.250769230769,6.43394308943089,4502.16652439024
13558,4,605.06,151.265,1.97967479674797,898.366524390244
13559,2,990,495,0.989837398373984,1469.90853658537
13560,1,174.37,174.37,0.494918699186992,258.896920731707
13561,11,1820.72,165.52,5.44410569105691,2703.32512195122
13562,8,4838.18,604.7725,3.95934959349593,7183.51725609756
13563,2,777.53,388.765,0.989837398373984,1154.44240853659
13564,37,17249.55,466.204054054054,18.3119918699187,25611.3745426829
13565,3,414.8,138.266666666667,1.48475609756098,615.876829268293
13566,5,1708.12,341.624,2.47459349593496,2536.14158536585
13567,4,1083.69,270.9225,1.97967479674797,1609.01533536585
13568,1,192.85,192.85,0.494918699186992,286.335213414634
13569,4,893.78,223.445,1.97967479674797,1327.04530487805
13570,1,239.49,239.49,0.494918699186992,355.584237804878
13571,26,4546.54,174.866923076923,12.8678861788618,6750.50298780488
13572,1,1384.25,1384.25,0.494918699186992,2055.27362804878
13573,6,916.47,152.745,2.96951219512195,1360.73442073171
13574,1,421.25,421.25,0.494918699186992,625.453506097561
13575,5,732.07,146.414,2.47459349593496,1086.94539634146
13576,28,11551.74,412.562142857143,13.8577235772358,17151.516402439
13577,11,3489.28,317.207272727273,5.44410569105691,5180.72975609756
13578,1,147.66,147.66,0.494918699186992,219.239085365854
13579,5,1539.04,307.808,2.47459349593496,2285.09902439024
13580,1,107.75,107.75,0.494918699186992,159.982469512195
13581,2,280.53,140.265,0.989837398373984,416.51862804878
13582,2,241.68,120.84,0.989837398373984,358.835853658537
13583,2,1445.031,722.5155,0.989837398373984,2145.51858841463
13584,3,392.45,130.816666666667,1.48475609756098,582.692530487805
13585,3,684.54,228.18,1.48475609756098,1016.37493902439
13586,1,131.53,131.53,0.494918699186992,195.289969512195
13587,4,1673.5,418.375,1.97967479674797,2484.73932926829
13588,9,2478.95,275.438888888889,4.45426829268293,3680.63612804878
13589,6,1120.74,186.79,2.96951219512195,1664.02554878049
13590,18,6349.59,352.755,8.90853658536585,9427.5924695122
13591,7,2093.94,299.134285714286,3.46443089430894,3108.99018292683
13592,4,247.96,61.99,1.97967479674797,368.160121951219
13593,14,5523.69,394.549285714286,6.92886178861789,8201.33240853659
13594,2,533.32,266.66,0.989837398373984,791.85012195122
13595,3,818.22,272.74,1.48475609756098,1214.85713414634
13596,2,697.04,348.52,0.989837398373984,1034.9343902439
13597,2,396.71,198.355,0.989837398373984,589.017591463415
13598,5,789.59,157.918,2.47459349593496,1172.34856707317
13599,33,10167.63,308.11,16.3323170731707,15096.4506402439
13600,2,518.42,259.21,0.989837398373984,769.727256097561
13601,4,1185.14,296.285,1.97967479674797,1759.64384146341
13602,4,1025.17,256.2925,1.97967479674797,1522.12740853659
13603,1,164.34,164.34,0.494918699186992,244.004817073171
13604,1,717.62,717.62,0.494918699186992,1065.49067073171
13605,2,522.67,261.335,0.989837398373984,776.037469512195
13606,3,280.54,93.5133333333333,1.48475609756098,416.533475609756
13607,2,1078.31,539.155,0.989837398373984,1601.02734756098
13608,1,236.2,236.2,0.494918699186992,350.699390243902
13609,1,167.35,167.35,0.494918699186992,248.473932926829
13610,14,2175.88,155.42,6.92886178861789,3230.65109756098
13611,10,3319.53,331.953,4.94918699186992,4928.69240853658
13612,1,818.29,818.29,0.494918699186992,1214.96106707317
13613,5,1039.85,207.97,2.47459349593496,1543.92362804878
13614,6,2359.19,393.198333333333,2.96951219512195,3502.82173780488
13615,8,6272.53,784.06625,3.95934959349593,9313.17716463415
13616,2,288.1,144.05,0.989837398373984,427.758231707317
13617,8,1278.75,159.84375,3.95934959349593,1898.6318597561
13618,1,177.34,177.34,0.494918699186992,263.306646341463
13619,2,231.69,115.845,0.989837398373984,344.003140243902
13620,1,112.34,112.34,0.494918699186992,166.7975
13621,1,213.85,213.85,0.494918699186992,317.515091463415
13622,1,658.95,658.95,0.494918699186992,978.380030487805
13623,10,2566.49,256.649,4.94918699186992,3810.61167682927
13624,1,462.08,462.08,0.494918699186992,686.076097560976
13625,1,301.26,301.26,0.494918699186992,447.29762195122
13626,2,707.04,353.52,0.989837398373984,1049.78195121951
13627,7,2245.9,320.842857142857,3.46443089430894,3334.61371951219
13628,1,310.14,310.14,0.494918699186992,460.482256097561
13629,19,13370.86,703.729473684211,9.40345528455284,19852.4659146341
13630,7,2031.78,290.254285714286,3.46443089430894,3016.69774390244
13631,11,3070.42,279.129090909091,5.44410569105691,4558.82481707317
13632,8,3648.15,456.01875,3.95934959349593,5416.61295731707
13634,16,5073.47,317.091875,7.91869918699187,7532.86551829268
13635,4,2999.16,749.79,1.97967479674797,4453.02109756098
13636,5,949.12,189.824,2.47459349593496,1409.21170731707
13637,3,810.5,270.166666666667,1.48475609756098,1203.39481707317
13638,1,122.64,122.64,0.494918699186992,182.090487804878
13639,2,1346.27,673.135,0.989837398373984,1998.88259146341
13640,1,405,405,0.494918699186992,601.326219512195
13641,5,1016.47,203.294,2.47459349593496,1509.2100304878
13642,4,514.72,128.68,1.97967479674797,764.233658536585
13643,10,2156.77,215.677,4.94918699186992,3202.27740853658
13644,4,2624.26,656.065,1.97967479674797,3896.38603658537
13645,1,252.1,252.1,0.494918699186992,374.307012195122
13646,2,326.25,163.125,0.989837398373984,484.401676829268
13647,8,3071.68,383.96,3.95934959349593,4560.6956097561
13648,8,1764.02,220.5025,3.95934959349593,2619.13945121951
13649,6,1678.88,279.813333333333,2.96951219512195,2492.72731707317
13650,10,3288,328.8,4.94918699186992,4881.87804878049
13651,3,226.85,75.6166666666667,1.48475609756098,336.816920731707
13652,5,2570.85,514.17,2.47459349593496,3817.08521341463
13653,1,152.2,152.2,0.494918699186992,225.97987804878
13654,11,6308,573.454545454545,5.44410569105691,9365.84146341463
13655,6,2280.51,380.085,2.96951219512195,3386.00112804878
13656,4,1078.85,269.7125,1.97967479674797,1601.82911585366
13657,2,382.14,191.07,0.989837398373984,567.384695121951
13658,9,6025.5,669.5,4.45426829268293,8946.39786585366
13659,12,4894.88,407.906666666667,5.9390243902439,7267.70292682927
13660,1,314.59,314.59,0.494918699186992,467.089420731707
13661,1,325.24,325.24,0.494918699186992,482.902073170732
13662,11,2250.11,204.555454545455,5.44410569105691,3340.86454268293
13663,5,2047.51,409.502,2.47459349593496,3040.05295731707
13665,3,1711.66,570.553333333333,1.48475609756098,2541.39762195122
13666,5,127.9,25.58,2.47459349593496,189.900304878049
13667,1,305.02,305.02,0.494918699186992,452.880304878049
13668,35,13089.94,373.998285714286,17.3221544715447,19435.3682317073
13669,3,413.55,137.85,1.48475609756098,614.020884146341
13670,1,349.7,349.7,0.494918699186992,519.219207317073
13671,1,194.95,194.95,0.494918699186992,289.453201219512
13672,3,419.92,139.973333333333,1.48475609756098,623.478780487805
13673,2,396.92,198.46,0.989837398373984,589.329390243902
13674,1,240.68,240.68,0.494918699186992,357.351097560976
13675,2,486.82,243.41,0.989837398373984,722.808963414634
13676,2,243.9,121.95,0.989837398373984,362.132012195122
13677,2,556.19,278.095,0.989837398373984,825.806493902439
13678,1,232.6,232.6,0.494918699186992,345.354268292683
13679,3,281.26,93.7533333333333,1.48475609756098,417.6025
13680,12,11435.67,952.9725,5.9390243902439,16979.1807621951
13681,4,827.83,206.9575,1.97967479674797,1229.1256402439
13682,1,59.5,59.5,0.494918699186992,88.342987804878
13683,1,258.6,258.6,0.494918699186992,383.957926829268
13684,4,596.98,149.245,1.97967479674797,886.369695121951
13685,7,3119.44,445.634285714286,3.46443089430894,4631.60756097561
13686,3,409.04,136.346666666667,1.48475609756098,607.324634146341
13687,1,11880.84,11880.84,0.494918699186992,17640.1496341463
13688,1,375.5,375.5,0.494918699186992,557.525914634146
13689,2,1259.5,629.75,0.989837398373984,1870.05030487805
13690,1,172.25,172.25,0.494918699186992,255.749237804878
13691,1,212.78,212.78,0.494918699186992,315.926402439024
13692,5,3114.4,622.88,2.47459349593496,4624.1243902439
13693,9,2011.82,223.535555555556,4.45426829268293,2987.06201219512
13694,143,196482.81,1374.00566433566,70.7733739837398,291729.050213415
13695,16,2770.73,173.170625,7.91869918699187,4113.85826219512
13696,3,2020.4,673.466666666667,1.48475609756098,2999.8012195122
13697,1,151.3,151.3,0.494918699186992,224.643597560976
13698,2,465.53,232.765,0.989837398373984,691.198506097561
13699,2,764.15,382.075,0.989837398373984,1134.57637195122
13700,13,2613.46,201.035384615385,6.43394308943089,3880.35067073171
13701,1,161,161,0.494918699186992,239.045731707317
13702,1,135.18,135.18,0.494918699186992,200.709329268293
13703,2,425.56,212.78,0.989837398373984,631.852804878049
13704,9,2308.06,256.451111111111,4.45426829268293,3426.90615853659
13705,7,2035.33,290.761428571429,3.46443089430894,3021.96862804878
13706,2,631.17,315.585,0.989837398373984,937.133506097561
13707,5,3365.86,673.172,2.47459349593496,4997.48115853658
13708,1,296.88,296.88,0.494918699186992,440.794390243902
13709,18,7591.75,421.763888888889,8.90853658536585,11271.8971036585
13710,3,509.52,169.84,1.48475609756098,756.512926829268
13711,9,1792.26,199.14,4.45426829268293,2661.06896341463
13712,2,766.42,383.21,0.989837398373984,1137.94676829268
13713,3,743.26,247.753333333333,1.48475609756098,1103.55981707317
13714,1,161.35,161.35,0.494918699186992,239.565396341463
13715,17,8483.29,499.017058823529,8.41361788617886,12595.616554878
13716,1,138.28,138.28,0.494918699186992,205.312073170732
13717,8,1763.3,220.4125,3.95934959349593,2618.07042682927
13718,2,306.55,153.275,0.989837398373984,455.151981707317
13719,11,2815.25,255.931818181818,5.44410569105691,4179.95960365854
13720,4,799.9,199.975,1.97967479674797,1187.65640243902
13721,2,741.54,370.77,0.989837398373984,1101.00603658537
13722,10,5635.41,563.541,4.94918699186992,8367.20935975609
13723,6,1209.2,201.533333333333,2.96951219512195,1795.36707317073
13724,1,213.01,213.01,0.494918699186992,316.267896341463
13725,8,1980.56,247.57,3.95934959349593,2940.64853658537
13726,2,1079.66,539.83,0.989837398373984,1603.03176829268
13727,8,1080.05,135.00625,3.95934959349593,1603.61082317073
13728,16,2855.17,178.448125,7.91869918699187,4239.23106707317
13729,3,724.73,241.576666666667,1.48475609756098,1076.04728658537
13730,2,752.6,376.3,0.989837398373984,1117.42743902439
13731,2,610.59,305.295,0.989837398373984,906.577225609756
13732,1,491.86,491.86,0.494918699186992,730.292134146341
13733,2,487.03,243.515,0.989837398373984,723.120762195122
13734,4,6701.64,1675.41,1.97967479674797,9950.30085365854
13735,13,9813.22,754.863076923077,6.43394308943089,14570.2382317073
13736,7,2766.21,395.172857142857,3.46443089430894,4107.14716463415
13737,1,339.6,339.6,0.494918699186992,504.223170731707
13738,1,440.93,440.93,0.494918699186992,654.673506097561
13739,2,292.2,146.1,0.989837398373984,433.845731707317
13740,5,1597.77,319.554,2.47459349593496,2372.29875
13741,3,668.43,222.81,1.48475609756098,992.455518292683
13742,12,3131.02,260.918333333333,5.9390243902439,4648.80103658537
13743,7,1341.6,191.657142857143,3.46443089430894,1991.9487804878
13744,2,1156.36,578.18,0.989837398373984,1716.91256097561
13745,2,777.36,388.68,0.989837398373984,1154.19
13746,1,176.69,176.69,0.494918699186992,262.341554878049
13747,2,249.4,124.7,0.989837398373984,370.298170731707
13748,9,2268.35,252.038888888889,4.45426829268293,3367.94649390244
13750,11,3602.18,327.470909090909,5.44410569105691,5348.3587195122
13751,1,296.25,296.25,0.494918699186992,439.858993902439
13752,7,1590.73,227.247142857143,3.46443089430894,2361.84606707317
13753,4,2094.57,523.6425,1.97967479674797,3109.92557926829
13754,3,447.05,149.016666666667,1.48475609756098,663.760213414634
13755,9,2161.35,240.15,4.45426829268293,3209.07759146341
13756,23,9207.5,400.326086956522,11.3831300813008,13670.8917682927
13757,1,195.55,195.55,0.494918699186992,290.344054878049
13758,15,9416.98,627.798666666667,7.42378048780488,13981.9184756098
13759,2,659.41,329.705,0.989837398373984,979.063018292683
13760,5,1363.64,272.728,2.47459349593496,2024.67280487805
13761,6,1952.17,325.361666666667,2.96951219512195,2898.49631097561
13762,5,2472.48,494.496,2.47459349593496,3671.02975609756
13763,3,5217.44,1739.14666666667,1.48475609756098,7746.62585365854
13764,6,2953.26,492.21,2.96951219512195,4384.87079268293
13765,1,352.821,352.821,0.494918699186992,523.853131097561
13766,1,190.35,190.35,0.494918699186992,282.623323170732
13767,73,35540.53,486.856575342466,36.1290650406504,52769.0186280488
13768,2,875.97,437.985,0.989837398373984,1300.60179878049
13769,20,5800.42,290.021,9.89837398373984,8612.20896341463
13770,4,785.37,196.3425,1.97967479674797,1166.08289634146
13771,9,5728.82,636.535555555556,4.45426829268293,8505.90042682927
13772,8,3114.22,389.2775,3.95934959349593,4623.85713414634
13773,2,301.54,150.77,0.989837398373984,447.713353658537
13774,1,345,345,0.494918699186992,512.240853658536
13775,1,1049.66,1049.66,0.494918699186992,1558.48908536585
13776,2,623.98,311.99,0.989837398373984,926.458109756098
13777,61,56478.42,925.875737704918,30.1900406504065,83856.6784756097
13778,4,1124.49,281.1225,1.97967479674797,1669.59338414634
13779,1,161.13,161.13,0.494918699186992,239.23875
13780,3,735.82,245.273333333333,1.48475609756098,1092.51323170732
13781,3,778.83,259.61,1.48475609756098,1156.37259146341
13782,13,1793.72,137.978461538462,6.43394308943089,2663.23670731707
13783,4,1542.09,385.5225,1.97967479674797,2289.6275304878
13784,14,2910.23,207.873571428571,6.92886178861789,4320.98173780488
13785,4,542.49,135.6225,1.97967479674797,805.465335365854
13786,6,3358.94,559.823333333333,2.96951219512195,4987.20664634146
13787,6,1222.5,203.75,2.96951219512195,1815.11432926829
13788,1,3.75,3.75,0.494918699186992,5.56783536585366
13789,1,239.46,239.46,0.494918699186992,355.539695121951
13790,1,348.8,348.8,0.494918699186992,517.882926829268
13791,2,1516,758,0.989837398373984,2250.89024390244
13792,3,383.95,127.983333333333,1.48475609756098,570.072103658537
13793,1,96,96,0.494918699186992,142.536585365854
13794,1,126.03,126.03,0.494918699186992,187.12381097561
13795,4,836.3,209.075,1.97967479674797,1241.70152439024
13796,1,289.7,289.7,0.494918699186992,430.133841463415
13797,3,1179.45,393.15,1.48475609756098,1751.19557926829
13798,110,75836.87,689.426090909091,54.4410569105691,112599.255152439
13799,9,2803.57,311.507777777778,4.45426829268293,4162.61765243902
13800,3,1679.56,559.853333333333,1.48475609756098,2493.73695121951
13801,1,324.8,324.8,0.494918699186992,482.248780487805
13802,19,26259.11,1382.05842105263,9.40345528455284,38988.3736890244
13803,3,1338.91,446.303333333333,1.48475609756098,1987.95478658537
13804,9,3208.52,356.502222222222,4.45426829268293,4763.86963414634
13805,2,924.6,462.3,0.989837398373984,1372.80548780488
13806,1,256.38,256.38,0.494918699186992,380.661768292683
13807,3,534.8,178.266666666667,1.48475609756098,794.04756097561
13808,5,1747.66,349.532,2.47459349593496,2594.84884146341
13809,3,679.7,226.566666666667,1.48475609756098,1009.1887195122
13810,3,1499.01,499.67,1.48475609756098,2225.66423780488
13811,3,814.5,271.5,1.48475609756098,1209.33384146341
13812,3,539,179.666666666667,1.48475609756098,800.283536585366
13813,8,2765.47,345.68375,3.95934959349593,4106.04844512195
13814,3,2257.32,752.44,1.48475609756098,3351.56963414634
13815,8,7475.74,934.4675,3.95934959349593,11099.6505487805
13816,2,571.67,285.835,0.989837398373984,848.790518292683
13817,2,382.98,191.49,0.989837398373984,568.631890243902
13818,1,61.28,61.28,0.494918699186992,90.9858536585366
13819,6,2642.35,440.391666666667,2.96951219512195,3923.24527439024
13820,3,660.65,220.216666666667,1.48475609756098,980.904115853659
13821,6,1410.73,235.121666666667,2.96951219512195,2094.5899695122
13822,2,632,316,0.989837398373984,938.365853658536
13823,7,3403.45,486.207142857143,3.46443089430894,5053.2931402439
13824,12,3314.76,276.23,5.9390243902439,4921.61012195122
13825,2,255.59,127.795,0.989837398373984,379.48881097561
13826,1,189.5,189.5,0.494918699186992,281.361280487805
13827,3,412.05,137.35,1.48475609756098,611.79375
13828,1,209.49,209.49,0.494918699186992,311.041554878049
13829,1,102,102,0.494918699186992,151.44512195122
13830,1,156.85,156.85,0.494918699186992,232.883993902439
13831,18,7023.58,390.198888888889,8.90853658536585,10428.3032317073
13832,2,613.69,306.845,0.989837398373984,911.179969512195
13833,2,701.36,350.68,0.989837398373984,1041.34853658537
13834,2,324.19,162.095,0.989837398373984,481.343079268293
13835,7,1095.27,156.467142857143,3.46443089430894,1626.20881097561
13836,2,620.37,310.185,0.989837398373984,921.098140243902
13837,2,271.24,135.62,0.989837398373984,402.725243902439
13838,10,1966.09,196.609,4.94918699186992,2919.16411585366
13839,1,139.95,139.95,0.494918699186992,207.791615853659
13840,1,651.4,651.4,0.494918699186992,967.170121951219
13841,1,85,85,0.494918699186992,126.204268292683
13842,18,5629.91,312.772777777778,8.90853658536585,8359.04320121951
13843,1,319.75,319.75,0.494918699186992,474.750762195122
13844,1,361.62,361.62,0.494918699186992,536.9175
13845,1,312.98,312.98,0.494918699186992,464.698963414634
13846,4,1307.79,326.9475,1.97967479674797,1941.74917682927
13847,1,310.72,310.72,0.494918699186992,461.343414634146
13848,8,3335,416.875,3.95934959349593,4951.66158536585
13849,5,3469.3,693.86,2.47459349593496,5151.06432926829
13850,1,1595.48,1595.48,0.494918699186992,2368.89865853659
13851,8,4606.46,575.8075,3.95934959349593,6839.46957317073
13852,1,187.35,187.35,0.494918699186992,278.169054878049
13853,1,1090.14,1090.14,0.494918699186992,1618.59201219512
13854,39,12253.96,314.204102564103,19.3018292682927,18194.1418292683
13855,4,1310.34,327.585,1.97967479674797,1945.53530487805
13856,11,1142.03,103.820909090909,5.44410569105691,1695.63600609756
13857,6,1001.01,166.835,2.96951219512195,1486.25570121951
13858,1,216.17,216.17,0.494918699186992,320.959725609756
13859,2,515.86,257.93,0.989837398373984,765.926280487805
13860,5,1245.9,249.18,2.47459349593496,1849.85762195122
13861,2,273.26,136.63,0.989837398373984,405.724451219512
13862,9,2556.09,284.01,4.45426829268293,3795.17021341463
13863,4,1239.55,309.8875,1.97967479674797,1840.42942073171
13864,1,662.4,662.4,0.494918699186992,983.50243902439
13865,4,501.56,125.39,1.97967479674797,744.694268292683
13866,1,145.67,145.67,0.494918699186992,216.284420731707
13867,3,1015.29,338.43,1.48475609756098,1507.45801829268
13868,2,3192.54,1596.27,0.989837398373984,4740.14323170732
13869,10,8111.57,811.157,4.94918699186992,12043.7030182927
13870,15,5712.08,380.805333333333,7.42378048780488,8481.0456097561
13871,17,7885.85,463.873529411765,8.41361788617886,11708.5638719512
13872,3,919.57,306.523333333333,1.48475609756098,1365.33716463415
13873,8,1038.92,129.865,3.95934959349593,1542.54280487805
13874,7,2049.15,292.735714285714,3.46443089430894,3042.48795731707
13875,14,4814.37,343.883571428571,6.92886178861789,7148.16521341463
13876,1,122.7,122.7,0.494918699186992,182.179573170732
13877,3,449.68,149.893333333333,1.48475609756098,667.66512195122
13878,4,2473.06,618.265,1.97967479674797,3671.89091463415
13879,1,395.5,395.5,0.494918699186992,587.221036585366
13880,17,4391.66,258.332941176471,8.41361788617886,6520.54396341463
13881,43,45179.1,1050.67674418605,21.2815040650406,67079.9442073171
13882,5,1191.13,238.226,2.47459349593496,1768.5375304878
13883,15,6560.02,437.334666666667,7.42378048780488,9740.02969512195
13884,10,1888.48,188.848,4.94918699186992,2803.93219512195
13885,2,506.8,253.4,0.989837398373984,752.474390243902
13886,1,243.56,243.56,0.494918699186992,361.627195121951
13887,1,349.55,349.55,0.494918699186992,518.996493902439
13888,7,2169.05,309.864285714286,3.46443089430894,3220.51021341463
13889,6,1991.23,331.871666666667,2.96951219512195,2956.49088414634
13890,14,2927.38,209.098571428571,6.92886178861789,4346.44530487805
13891,3,863.56,287.853333333333,1.48475609756098,1282.17597560976
13892,6,1267.65,211.275,2.96951219512195,1882.15106707317
13893,1,821.1,821.1,0.494918699186992,1219.13323170732
13894,3,564.62,188.206666666667,1.48475609756098,838.322987804878
13895,6,4008.52,668.086666666667,2.96951219512195,5951.67451219512
13896,1,388.55,388.55,0.494918699186992,576.901981707317
13897,3,1160.72,386.906666666667,1.48475609756098,1723.38609756098
13898,2,686.4,343.2,0.989837398373984,1019.13658536585
13899,2,388.52,194.26,0.989837398373984,576.85743902439
13900,6,1610.59,268.431666666667,2.96951219512195,2391.33332317073
13901,15,5676.34,378.422666666667,7.42378048780488,8427.98042682927
13902,5,34095.26,6819.052,2.47459349593496,50623.1451829268
13903,1,165.45,165.45,0.494918699186992,245.652896341463
13904,2,332.64,166.32,0.989837398373984,493.889268292683
13905,1,312.65,312.65,0.494918699186992,464.208993902439
13906,1,42,42,0.494918699186992,62.359756097561
13907,1,136.8,136.8,0.494918699186992,203.114634146341
13908,4,2369.55,592.3875,1.97967479674797,3518.20381097561
13909,2,286.6,143.3,0.989837398373984,425.531097560976
13911,20,4234.99,211.7495,9.89837398373984,6287.92722560975
13912,1,124.95,124.95,0.494918699186992,185.520274390244
13913,1,42.22,42.22,0.494918699186992,62.6864024390244
13914,2,626.45,313.225,0.989837398373984,930.125457317073
13915,1,70.8,70.8,0.494918699186992,105.120731707317
13916,4,1275.81,318.9525,1.97967479674797,1894.26667682927
13917,2,272.04,136.02,0.989837398373984,403.913048780488
13918,2,1212.84,606.42,0.989837398373984,1800.77158536585
13919,4,1360.68,340.17,1.97967479674797,2020.27792682927
13920,4,1774.68,443.67,1.97967479674797,2634.96695121951
13921,4,730.7,182.675,1.97967479674797,1084.9112804878
13922,3,865.2,288.4,1.48475609756098,1284.61097560976
13923,1,351.13,351.13,0.494918699186992,521.342408536585
13924,6,1838.85,306.475,2.96951219512195,2730.24375
13925,4,678.25,169.5625,1.97967479674797,1007.03582317073
13926,1,223.85,223.85,0.494918699186992,332.362652439024
13927,2,708.26,354.13,0.989837398373984,1051.59335365854
13928,4,464.57,116.1425,1.97967479674797,689.773140243902
13929,11,3494.1,317.645454545455,5.44410569105691,5187.8862804878
13930,2,337.34,168.67,0.989837398373984,500.867621951219
13931,11,5257.38,477.943636363636,5.44410569105691,7805.92701219512
13932,1,307.4,307.4,0.494918699186992,456.414024390244
13933,2,608.79,304.395,0.989837398373984,903.904664634146
13934,1,922.1,922.1,0.494918699186992,1369.09359756098
13935,3,6116.92,2038.97333333333,1.48475609756098,9082.13426829268
13936,3,939.66,313.22,1.48475609756098,1395.16591463415
13937,2,880.13,440.065,0.989837398373984,1306.77838414634
13938,1,71.66,71.66,0.494918699186992,106.397621951219
13939,7,1560.96,222.994285714286,3.46443089430894,2317.64487804878
13940,4,839.14,209.785,1.97967479674797,1245.91823170732
13941,15,11122.3,741.486666666667,7.42378048780488,16513.9027439024
13942,1,320,320,0.494918699186992,475.121951219512
13943,1,246.54,246.54,0.494918699186992,366.051768292683
13944,1,200.43,200.43,0.494918699186992,297.589664634146
13945,2,854.15,427.075,0.989837398373984,1268.20442073171
13946,6,1876.23,312.705,2.96951219512195,2785.74393292683
13947,1,90.6,90.6,0.494918699186992,134.518902439024
13948,4,548.76,137.19,1.97967479674797,814.774756097561
13949,6,2427.32,404.553333333333,2.96951219512195,3603.97817073171
13950,4,745.06,186.265,1.97967479674797,1106.23237804878
13951,3,674.45,224.816666666667,1.48475609756098,1001.39375
13952,14,12823.521,915.965785714286,6.92886178861789,19039.8009969512
13953,12,6640.68,553.39,5.9390243902439,9859.79012195122
13954,2,439.92,219.96,0.989837398373984,653.173902439024
13955,3,545.17,181.723333333333,1.48475609756098,809.444481707317
13956,5,1026.42,205.284,2.47459349593496,1523.98335365854
13957,3,458.25,152.75,1.48475609756098,680.389481707317
13958,8,4709.23,588.65375,3.95934959349593,6992.05795731707
13959,6,1076.18,179.363333333333,2.96951219512195,1597.86481707317
13960,2,230.22,115.11,0.989837398373984,341.820548780488
13961,1,538.4,538.4,0.494918699186992,799.392682926829
13962,3,362.8,120.933333333333,1.48475609756098,538.669512195122
13963,17,3011.87,177.168823529412,8.41361788617886,4471.89234756097
13964,2,438.9,219.45,0.989837398373984,651.659451219512
13965,3,996.61,332.203333333333,1.48475609756098,1479.72277439024
13966,1,390.86,390.86,0.494918699186992,580.331768292683
13967,2,166.3,83.15,0.989837398373984,246.91493902439
13968,1,123.66,123.66,0.494918699186992,183.60493902439
13969,35,13365.87,381.882,17.3221544715447,19845.0569817073
13970,2,846.55,423.275,0.989837398373984,1256.92027439024
13971,14,4667.57,333.397857142857,6.92886178861789,6930.20301829268
13972,2,190.25,95.125,0.989837398373984,282.474847560976
13973,1,264.7,264.7,0.494918699186992,393.01493902439
13974,2,677.72,338.86,0.989837398373984,1006.24890243902
13975,12,5358.84,446.57,5.9390243902439,7956.57036585366
13976,4,1192.36,298.09,1.97967479674797,1770.3637804878
13977,1,519.81,519.81,0.494918699186992,771.791067073171
13978,2,196.79,98.395,0.989837398373984,292.185152439024
13979,7,3416.23,488.032857142857,3.46443089430894,5072.26832317073
13980,5,799.92,159.984,2.47459349593496,1187.68609756098
13981,1,331.14,331.14,0.494918699186992,491.662134146341
13982,9,4445.59,493.954444444444,4.45426829268293,6600.6168597561
13983,21,7108.45,338.497619047619,10.3932926829268,10554.3144817073
13984,12,2048.6,170.716666666667,5.9390243902439,3041.67134146341
13985,22,10020.86,455.493636363636,10.8882113821138,14878.5329878049
13986,1,320.46,320.46,0.494918699186992,475.80493902439
13987,2,682.54,341.27,0.989837398373984,1013.40542682927
13988,8,4757.8,594.725,3.95934959349593,7064.17256097561
13989,5,2026.06,405.212,2.47459349593496,3008.20493902439
13990,1,311.3,311.3,0.494918699186992,462.204573170732
13991,6,855.97,142.661666666667,2.96951219512195,1270.90667682927
13992,3,219.5,73.1666666666667,1.48475609756098,325.903963414634
13993,19,6775.71,356.616315789474,9.40345528455284,10060.2767378049
13994,6,2313.14,385.523333333333,2.96951219512195,3434.44871951219
13995,14,3902.01,278.715,6.92886178861789,5793.5331402439
13996,2,895.76,447.88,0.989837398373984,1329.98512195122
13997,3,382.31,127.436666666667,1.48475609756098,567.637103658536
13998,3,566.7,188.9,1.48475609756098,841.411280487805
13999,29,9502.26,327.664137931034,14.3526422764228,14108.5384756098
14000,5,2046.34,409.268,2.47459349593496,3038.31579268293
14001,9,4530.09,503.343333333333,4.45426829268293,6726.07875
14002,2,529.73,264.865,0.989837398373984,786.519847560976
14003,1,209.41,209.41,0.494918699186992,310.922774390244
14004,11,6258.45,568.95,5.44410569105691,9292.27179878049
14005,5,2874.72,574.944,2.47459349593496,4268.25804878049
14006,7,2196.67,313.81,3.46443089430894,3261.51917682927
14007,1,79.48,79.48,0.494918699186992,118.008414634146
14008,1,509.04,509.04,0.494918699186992,755.800243902439
14009,3,1099.91,366.636666666667,1.48475609756098,1633.09807926829
14010,2,445.15,222.575,0.989837398373984,660.939176829268
14011,2,457.82,228.91,0.989837398373984,679.751036585366
14012,1,328.8,328.8,0.494918699186992,488.187804878049
14013,5,1084.57,216.914,2.47459349593496,1610.32192073171
14014,3,1948.21,649.403333333333,1.48475609756098,2892.61667682927
14015,1,917.34,917.34,0.494918699186992,1362.02615853659
14016,11,11403.41,1036.67363636364,5.44410569105691,16931.2825304878
14017,1,229.75,229.75,0.494918699186992,341.122713414634
14018,1,367.15,367.15,0.494918699186992,545.128201219512
14019,3,1421.61,473.87,1.48475609756098,2110.74411585366
14020,4,1249.01,312.2525,1.97967479674797,1854.47521341463
14021,7,1716.58,245.225714285714,3.46443089430894,2548.70262195122
14022,2,792.15,396.075,0.989837398373984,1176.14954268293
14023,2,584.07,292.035,0.989837398373984,867.201493902439
14024,3,645.74,215.246666666667,1.48475609756098,958.766402439024
14025,8,4057.9,507.2375,3.95934959349593,6024.99176829268
14026,2,713.11,356.555,0.989837398373984,1058.79442073171
14027,1,104.82,104.82,0.494918699186992,155.632134146341
14028,3,10396.5,3465.5,1.48475609756098,15436.2667682927
14029,2,467.66,233.83,0.989837398373984,694.361036585366
14030,20,8262.29,413.1145,9.89837398373984,12267.4854573171
14031,44,40999.17,931.799318181818,21.7764227642276,60873.767652439
14032,16,4850.27,303.141875,7.91869918699187,7201.46795731707
14033,1,109.44,109.44,0.494918699186992,162.491707317073
14034,3,651.82,217.273333333333,1.48475609756098,967.793719512195
14035,9,2856.72,317.413333333333,4.45426829268293,4241.53243902439
14036,1,626.65,626.65,0.494918699186992,930.422408536585
14037,6,836.95,139.491666666667,2.96951219512195,1242.66661585366
14038,5,3069.88,613.976,2.47459349593496,4558.02304878049
14039,2,267.28,133.64,0.989837398373984,396.845609756098
14040,35,12645.57,361.302,17.3221544715447,18775.5871646341
14041,1,141.41,141.41,0.494918699186992,209.959359756098
14042,1,431.98,431.98,0.494918699186992,641.38493902439
14043,2,304.25,152.125,0.989837398373984,451.737042682927
14044,10,3123.1,312.31,4.94918699186992,4637.04176829268
14045,16,11313.03,707.064375,7.91869918699187,16797.0902743902
14046,1,154.99,154.99,0.494918699186992,230.122347560976
14047,14,4255.03,303.930714285714,6.92886178861789,6317.68173780488
14048,3,748.69,249.563333333333,1.48475609756098,1111.62204268293
14049,13,13239.03,1018.38692307692,6.43394308943089,19656.7305182927
14050,2,746.36,373.18,0.989837398373984,1108.16256097561
14051,37,22434,606.324324324324,18.3119918699187,33309.0182926829
14052,2,480.81,240.405,0.989837398373984,713.885579268293
14053,4,572.3,143.075,1.97967479674797,849.725914634146
14054,1,92.46,92.46,0.494918699186992,137.280548780488
14055,3,1520.96,506.986666666667,1.48475609756098,2258.25463414634
14056,23,8214.65,357.158695652174,11.3831300813008,12196.7516768293
14057,22,8408.84,382.22,10.8882113821138,12485.0764634146
14058,2,469.19,234.595,0.989837398373984,696.632713414634
14059,1,183.6,183.6,0.494918699186992,272.601219512195
14060,30,9519.08,317.302666666667,14.8475609756098,14133.5120731707
14061,3,917.43,305.81,1.48475609756098,1362.15978658537
14062,24,25604.2,1066.84166666667,11.8780487804878,38015.9920731707
14063,9,22710.2,2523.35555555556,4.45426829268293,33719.1079268293
14064,15,3332.42,222.161333333333,7.42378048780488,4947.83091463415
14065,3,891.02,297.006666666667,1.48475609756098,1322.94737804878
14066,1,152.55,152.55,0.494918699186992,226.499542682927
14067,2,374.7,187.35,0.989837398373984,556.338109756098
14068,4,1528.37,382.0925,1.97967479674797,2269.25667682927
14069,2,230.06,115.03,0.989837398373984,341.582987804878
14070,1,326.55,326.55,0.494918699186992,484.847103658537
14071,8,1438.82,179.8525,3.95934959349593,2136.29676829268
14072,1,390.85,390.85,0.494918699186992,580.316920731707
14073,1,151.04,151.04,0.494918699186992,224.25756097561
14074,1,219.4,219.4,0.494918699186992,325.755487804878
14075,6,1734.87,289.145,2.96951219512195,2575.85881097561
14076,1,122.47,122.47,0.494918699186992,181.838079268293
14077,6,615.08,102.513333333333,2.96951219512195,913.243780487805
14078,9,1692.63,188.07,4.45426829268293,2513.14271341463
14079,2,618.73,309.365,0.989837398373984,918.663140243902
14080,5,1115.68,223.136,2.47459349593496,1656.51268292683
14081,10,5370.1,537.01,4.94918699186992,7973.28871951219
14082,2,413.36,206.68,0.989837398373984,613.738780487805
14083,11,1407.26,127.932727272727,5.44410569105691,2089.43786585366
14084,1,150.5,150.5,0.494918699186992,223.455792682927
14085,33,10104.97,306.211212121212,16.3323170731707,15003.4158231707
14086,1,39.95,39.95,0.494918699186992,59.316006097561
14087,3,846.22,282.073333333333,1.48475609756098,1256.43030487805
14088,16,64036.8,4002.3,7.91869918699187,95079.0292682927
14089,1,161,161,0.494918699186992,239.045731707317
14090,1,76.32,76.32,0.494918699186992,113.316585365854
14091,2,9530.08,4765.04,0.989837398373984,14149.8443902439
14092,24,7229.45,301.227083333333,11.8780487804878,10733.9699695122
14093,1,442.85,442.85,0.494918699186992,657.524237804878
14094,1,335.22,335.22,0.494918699186992,497.71993902439
14095,1,2.95,2.95,0.494918699186992,4.38003048780488
14096,17,65164.79,3833.22294117647,8.41361788617886,96753.8192987805
14097,2,422.86,211.43,0.989837398373984,627.843963414634
14098,1,147.35,147.35,0.494918699186992,218.77881097561
14099,20,5765.71,288.2855,9.89837398373984,8560.67307926829
14100,1,194.9,194.9,0.494918699186992,289.378963414634
14101,13,9961.93,766.302307692308,6.43394308943089,14791.0363109756
14102,5,1360.28,272.056,2.47459349593496,2019.68402439024
14104,5,771.58,154.316,2.47459349593496,1145.6081097561
14105,5,5988.83,1197.766,2.47459349593496,8891.9518597561
14106,1,214.8,214.8,0.494918699186992,318.925609756098
14107,11,4877.3,443.390909090909,5.44410569105691,7241.60091463415
14108,4,1044.96,261.24,1.97967479674797,1551.51073170732
14109,1,144.2,144.2,0.494918699186992,214.101829268293
14110,33,12987.95,393.574242424242,16.3323170731707,19283.9379573171
14111,4,692.85,173.2125,1.97967479674797,1028.71326219512
14112,13,5834.59,448.814615384615,6.43394308943089,8662.94307926829
14113,16,7092.61,443.288125,7.91869918699187,10530.795945122
14114,7,1364.09,194.87,3.46443089430894,2025.34094512195
14115,2,622.67,311.335,0.989837398373984,924.513079268293
14116,5,1382.74,276.548,2.47459349593496,2053.03164634146
14117,1,90,90,0.494918699186992,133.628048780488
14118,1,458.45,458.45,0.494918699186992,680.686432926829
14119,2,183.37,91.685,0.989837398373984,272.259725609756
14121,4,2780.15,695.0375,1.97967479674797,4127.84466463415
14122,3,362.42,120.806666666667,1.48475609756098,538.105304878049
14123,1,436.18,436.18,0.494918699186992,647.620914634146
14124,1,419.58,419.58,0.494918699186992,622.973963414634
14125,3,2740.43,913.476666666667,1.48475609756098,4068.87015243902
14126,4,1172.46,293.115,1.97967479674797,1740.81713414634
14127,6,1900.08,316.68,2.96951219512195,2821.15536585366
14128,3,924.21,308.07,1.48475609756098,1372.22643292683
14129,9,2591.34,287.926666666667,4.45426829268293,3847.50786585366
14130,4,1882.67,470.6675,1.97967479674797,2795.30576219512
14131,1,187.87,187.87,0.494918699186992,278.94112804878
14132,11,3586.03,326.002727272727,5.44410569105691,5324.37990853658
14133,4,911.14,227.785,1.97967479674797,1352.82067073171
14134,15,11123.35,741.556666666667,7.42378048780488,16515.4617378049
14135,24,9643.92,401.83,11.8780487804878,14318.8690243902
14136,5,1570.81,314.162,2.47459349593496,2332.26972560976
14137,1,332.7,332.7,0.494918699186992,493.978353658536
14138,2,982.38,491.19,0.989837398373984,1458.59469512195
14139,4,1086.8,271.7,1.97967479674797,1613.63292682927
14140,2,935.05,467.525,0.989837398373984,1388.32118902439
14141,4,915.13,228.7825,1.97967479674797,1358.74484756098
14142,2,983.15,491.575,0.989837398373984,1459.73795731707
14143,1,115.8,115.8,0.494918699186992,171.934756097561
14144,1,30.6,30.6,0.494918699186992,45.4335365853659
14145,7,7600.05,1085.72142857143,3.46443089430894,11284.2205792683
14146,12,9450.3,787.525,5.9390243902439,14031.3905487805
14147,9,2590.2,287.8,4.45426829268293,3845.81524390244
14148,2,466.29,233.145,0.989837398373984,692.326920731707
14149,1,446.62,446.62,0.494918699186992,663.121768292683
14150,2,658.64,329.32,0.989837398373984,977.919756097561
14151,2,679.45,339.725,0.989837398373984,1008.8175304878
14152,7,1997.34,285.334285714286,3.46443089430894,2965.56274390244
14153,1,233.4,233.4,0.494918699186992,346.542073170732
14154,8,6460.7,807.5875,3.95934959349593,9592.56371951219
14155,1,118.75,118.75,0.494918699186992,176.314786585366
14156,156,313946.37,2012.47673076923,77.2073170731707,466133.787164634
14157,5,1002.78,200.556,2.47459349593496,1488.8837195122
14158,1,507.66,507.66,0.494918699186992,753.751280487805
14159,20,7938.01,396.9005,9.89837398373984,11786.00875
14160,7,8421.47,1203.06714285714,3.46443089430894,12503.8289329268
14161,7,3318.88,474.125714285714,3.46443089430894,4927.72731707317
14162,2,289.36,144.68,0.989837398373984,429.629024390244
14163,5,2594.62,518.924,2.47459349593496,3852.37786585366
14164,2,1631.77,815.885,0.989837398373984,2422.78045731707
14165,1,122.54,122.54,0.494918699186992,181.942012195122
14166,2,256.85,128.425,0.989837398373984,381.359603658537
14167,8,1296.49,162.06125,3.95934959349593,1924.97143292683
14168,2,370.45,185.225,0.989837398373984,550.027896341463
14169,2,624.43,312.215,0.989837398373984,927.12625
14170,3,597.33,199.11,1.48475609756098,886.889359756098
14171,2,498.79,249.395,0.989837398373984,740.581493902439
14172,3,402.72,134.24,1.48475609756098,597.940975609756
14173,6,586,97.6666666666667,2.96951219512195,870.067073170732
14174,1,134.46,134.46,0.494918699186992,199.640304878049
14175,8,7678.88,959.86,3.95934959349593,11401.263902439
14176,5,916.01,183.202,2.47459349593496,1360.05143292683
14177,13,2229.34,171.487692307692,6.43394308943089,3310.02615853659
14178,7,1620.93,231.561428571429,3.46443089430894,2406.68570121951
14179,2,719.78,359.89,0.989837398373984,1068.69774390244
14180,33,6319.25,191.492424242424,16.3323170731707,9382.5449695122
14181,2,310.55,155.275,0.989837398373984,461.091006097561
14182,4,678.77,169.6925,1.97967479674797,1007.80789634146
14183,2,286.29,143.145,0.989837398373984,425.070823170732
14184,1,452.89,452.89,0.494918699186992,672.43118902439
14185,1,197.65,197.65,0.494918699186992,293.462042682927
14186,5,1550.63,310.126,2.47459349593496,2302.30734756098
14187,1,123.5,123.5,0.494918699186992,183.36737804878
14188,6,2054.36,342.393333333333,2.96951219512195,3050.22353658537
14189,16,5814.39,363.399375,7.91869918699187,8632.95100609756
14190,1,79.9,79.9,0.494918699186992,118.632012195122
14191,15,4817.66,321.177333333333,7.42378048780488,7153.05006097561
14192,1,293.74,293.74,0.494918699186992,436.132256097561
14193,3,1210.19,403.396666666667,1.48475609756098,1796.83698170732
14194,36,18670.59,518.6275,17.8170731707317,27721.272347561
14195,6,2615.6,435.933333333333,2.96951219512195,3883.52804878049
14196,1,335.52,335.52,0.494918699186992,498.165365853658
14197,1,390.05,390.05,0.494918699186992,579.129115853659
14198,9,1569.73,174.414444444444,4.45426829268293,2330.66618902439
14199,4,1091.7,272.925,1.97967479674797,1620.90823170732
14200,1,379.2,379.2,0.494918699186992,563.019512195122
14201,10,1193.54,119.354,4.94918699186992,1772.11579268293
14202,3,847.76,282.586666666667,1.48475609756098,1258.71682926829
14203,1,339.34,339.34,0.494918699186992,503.837134146341
14204,4,1062.96,265.74,1.97967479674797,1578.23634146341
14205,9,2414.2,268.244444444444,4.45426829268293,3584.49817073171
14206,3,1185.01,395.003333333333,1.48475609756098,1759.45082317073
14207,1,157.8,157.8,0.494918699186992,234.294512195122
14208,2,567.05,283.525,0.989837398373984,841.930945121951
14209,15,4993.27,332.884666666667,7.42378048780488,7413.78807926829
14210,16,5861.52,366.345,7.91869918699187,8702.92756097561
14211,18,4402.29,244.571666666667,8.90853658536585,6536.32692073171
14212,2,2190.14,1095.07,0.989837398373984,3251.82371951219
14213,1,1192.2,1192.2,0.494918699186992,1770.12621951219
14214,5,1004.38,200.876,2.47459349593496,1491.25932926829
14215,9,3416.33,379.592222222222,4.45426829268293,5072.41679878049
14216,5,2150.04,430.008,2.47459349593496,3192.285
14217,23,3416.89,148.560434782609,11.3831300813008,5073.24826219512
14218,1,169.48,169.48,0.494918699186992,251.636463414634
14219,3,633.83,211.276666666667,1.48475609756098,941.082957317073
14220,4,1515,378.75,1.97967479674797,2249.40548780488
14221,17,6517.49,383.381764705882,8.41361788617886,9676.88301829268
14222,1,683.17,683.17,0.494918699186992,1014.34082317073
14223,3,991.13,330.376666666667,1.48475609756098,1471.58631097561
14224,9,1897.9,210.877777777778,4.45426829268293,2817.91859756098
14225,4,2037.02,509.255,1.97967479674797,3024.47786585366
14226,6,3002.53,500.421666666667,2.96951219512195,4458.02472560976
14227,15,6368.71,424.580666666667,7.42378048780488,9455.98100609756
14228,3,745.5,248.5,1.48475609756098,1106.88567073171
14229,7,2594.04,370.577142857143,3.46443089430894,3851.51670731707
14230,3,979.8,326.6,1.48475609756098,1454.76402439024
14231,4,1235.62,308.905,1.97967479674797,1834.59432926829
14232,5,2048.07,409.614,2.47459349593496,3040.88442073171
14233,7,2904.27,414.895714285714,3.46443089430894,4312.13259146341
14234,4,775.46,193.865,1.97967479674797,1151.36896341463
14235,9,4717.99,524.221111111111,4.45426829268293,7005.06442073171
14236,5,1744.64,348.928,2.47459349593496,2590.36487804878
14237,2,632.14,316.07,0.989837398373984,938.573719512195
14238,3,434.23,144.743333333333,1.48475609756098,644.725640243902
14239,21,4263.17,203.008095238095,10.3932926829268,6329.76765243902
14240,3,1247.49,415.83,1.48475609756098,1852.21838414634
14241,2,333.7,166.85,0.989837398373984,495.463109756097
14242,2,280.55,140.275,0.989837398373984,416.548323170732
14243,17,7431.05,437.120588235294,8.41361788617886,11033.2967987805
14244,1,366.42,366.42,0.494918699186992,544.044329268293
14245,2,1693.45,846.725,0.989837398373984,2514.36021341463
14246,3,1474.06,491.353333333333,1.48475609756098,2188.61957317073
14247,5,772.66,154.532,2.47459349593496,1147.21164634146
14248,3,1032.95,344.316666666667,1.48475609756098,1533.67881097561
14249,12,5625.461,468.788416666667,5.9390243902439,8352.43752134146
14250,3,1904.05,634.683333333333,1.48475609756098,2827.04984756098
14251,5,2879.7,575.94,2.47459349593496,4275.65213414634
14252,1,350.99,350.99,0.494918699186992,521.134542682927
14253,2,363.4,181.7,0.989837398373984,539.560365853658
14254,1,601.03,601.03,0.494918699186992,892.382957317073
14255,1,1000.63,1000.63,0.494918699186992,1485.69149390244
14256,5,2473.99,494.798,2.47459349593496,3673.27173780488
14257,9,5954.45,661.605555555555,4.45426829268293,8840.90594512195
14258,25,32051.34,1282.0536,12.3729674796748,47588.4225
14259,1,120,120,0.494918699186992,178.170731707317
14260,3,824.28,274.76,1.48475609756098,1223.85475609756
14261,2,1163.45,581.725,0.989837398373984,1727.43948170732
14262,8,2618.23,327.27875,3.95934959349593,3887.43295731707
14263,1,322.93,322.93,0.494918699186992,479.472286585366
14264,6,1517.36,252.893333333333,2.96951219512195,2252.90951219512
14265,4,1373.35,343.3375,1.97967479674797,2039.08978658537
14266,1,40.56,40.56,0.494918699186992,60.2217073170732
14267,3,1516.24,505.413333333333,1.48475609756098,2251.24658536585
14268,1,354.85,354.85,0.494918699186992,526.865701219512
14269,1,295.73,295.73,0.494918699186992,439.086920731707
14270,1,492.65,492.65,0.494918699186992,731.465091463415
14271,2,219.13,109.565,0.989837398373984,325.354603658537
14272,4,920.81,230.2025,1.97967479674797,1367.17826219512
14273,4,559.97,139.9925,1.97967479674797,831.41887195122
14274,1,256.6,256.6,0.494918699186992,380.988414634146
14275,6,1189.38,198.23,2.96951219512195,1765.93920731707
14276,7,2102.68,300.382857142857,3.46443089430894,3121.96695121951
14277,9,17225.81,1913.97888888889,4.45426829268293,25576.1264329268
14278,1,205.83,205.83,0.494918699186992,305.607347560976
14279,2,191.86,95.93,0.989837398373984,284.865304878049
14280,1,134.04,134.04,0.494918699186992,199.016707317073
14281,1,245.15,245.15,0.494918699186992,363.987957317073
14282,25,7849.66,313.9864,12.3729674796748,11654.8305487805
14283,4,628.44,157.11,1.97967479674797,933.080121951219
14284,3,1299.65,433.216666666667,1.48475609756098,1929.66326219512
14285,8,3284.42,410.5525,3.95934959349593,4876.56262195122
14286,7,8479.76,1211.39428571429,3.46443089430894,12590.3753658537
14287,3,176.63,58.8766666666667,1.48475609756098,262.252469512195
14288,1,426.6,426.6,0.494918699186992,633.396951219512
14289,6,911.26,151.876666666667,2.96951219512195,1352.99884146341
14290,8,4516.56,564.57,3.95934959349593,6705.99
14291,23,7904.1,343.65652173913,11.3831300813008,11735.6606707317
14292,16,9226.25,576.640625,7.91869918699187,13698.7309451219
14293,9,3267.93,363.103333333333,4.45426829268293,4852.07899390244
14294,1,375.34,375.34,0.494918699186992,557.288353658536
14295,5,2362.91,472.582,2.47459349593496,3508.3450304878
14296,2,456.4,228.2,0.989837398373984,677.642682926829
14297,4,1305.33,326.3325,1.97967479674797,1938.09667682927
14298,82,91194.49,1112.12792682927,40.5833333333333,135401.575091463
14299,27,14499.49,537.018148148148,13.3628048780488,21528.2061890244
14300,1,43.2,43.2,0.494918699186992,64.1414634146341
14301,4,1992.18,498.045,1.97967479674797,2957.90140243902
14302,3,742.9,247.633333333333,1.48475609756098,1103.02530487805
14303,2,277.94,138.97,0.989837398373984,412.673109756097
14304,3,1725.01,575.003333333333,1.48475609756098,2561.21911585366
14305,3,1858.96,619.653333333333,1.48475609756098,2760.10219512195
14306,6,3151.4,525.233333333333,2.96951219512195,4679.06036585366
14307,10,5071.03,507.103,4.94918699186992,7529.24271341463
14308,2,1147.02,573.51,0.989837398373984,1703.04493902439
14309,11,3780.81,343.71,5.44410569105691,5613.58070121951
14310,1,492.1,492.1,0.494918699186992,730.648475609756
14311,2,516.45,258.225,0.989837398373984,766.802286585366
14312,11,3090.29,280.935454545455,5.44410569105691,4588.32692073171
14314,2,229.8,114.9,0.989837398373984,341.196951219512
14315,8,3197.82,399.7275,3.95934959349593,4747.98274390244
14316,5,1370.34,274.068,2.47459349593496,2034.62067073171
14317,1,508.58,508.58,0.494918699186992,755.117256097561
14318,1,158.02,158.02,0.494918699186992,234.621158536585
14319,1,494.85,494.85,0.494918699186992,734.731554878049
14320,5,1346.75,269.35,2.47459349593496,1999.59527439024
14321,7,2218.06,316.865714285714,3.46443089430894,3293.2781097561
14322,4,474.1,118.525,1.97967479674797,703.922865853659
14323,2,605.06,302.53,0.989837398373984,898.366524390244
14324,2,701.61,350.805,0.989837398373984,1041.71972560976
14325,1,245.48,245.48,0.494918699186992,364.477926829268
14326,3,940.98,313.66,1.48475609756098,1397.12579268293
14327,6,1894.93,315.821666666667,2.96951219512195,2813.50887195122
14328,1,445.05,445.05,0.494918699186992,660.790701219512
14329,15,9927.22,661.814666666667,7.42378048780488,14739.5004268293
14330,1,200.63,200.63,0.494918699186992,297.886615853658
14331,2,462.66,231.33,0.989837398373984,686.937256097561
14332,5,1943.51,388.702,2.47459349593496,2885.63832317073
14333,1,415.2,415.2,0.494918699186992,616.470731707317
14334,12,4318.48,359.873333333333,5.9390243902439,6411.88951219512
14335,2,468.26,234.13,0.989837398373984,695.251890243902
14336,4,1614.91,403.7275,1.97967479674797,2397.7474695122
14338,3,928.1,309.366666666667,1.48475609756098,1378.00213414634
14339,2,620.27,310.135,0.989837398373984,920.949664634146
14340,1,134.7,134.7,0.494918699186992,199.996646341463
14341,18,4467.32,248.184444444444,8.90853658536585,6632.8806097561
14342,6,918.44,153.073333333333,2.96951219512195,1363.6593902439
14343,4,1088.91,272.2275,1.97967479674797,1616.76576219512
14344,20,3333.7,166.685,9.89837398373984,4949.73140243902
14345,1,108.98,108.98,0.494918699186992,161.808719512195
14346,5,2315.75,463.15,2.47459349593496,3438.32393292683
14347,1,82.6,82.6,0.494918699186992,122.640853658537
14348,1,409.57,409.57,0.494918699186992,608.111554878049
14349,1,133.5,133.5,0.494918699186992,198.21493902439
14350,3,972.03,324.01,1.48475609756098,1443.2274695122
14351,1,51,51,0.494918699186992,75.7225609756098
14352,4,1078.96,269.74,1.97967479674797,1601.99243902439
14353,3,376.5,125.5,1.48475609756098,559.010670731707
14354,2,163.62,81.81,0.989837398373984,242.935792682927
14355,3,1014.45,338.15,1.48475609756098,1506.21082317073
14356,2,701.23,350.615,0.989837398373984,1041.15551829268
14357,1,225.77,225.77,0.494918699186992,335.213384146341
14358,2,400.06,200.03,0.989837398373984,593.991524390244
14359,3,912.18,304.06,1.48475609756098,1354.36481707317
14360,4,2128.23,532.0575,1.97967479674797,3159.90246951219
14361,1,214.71,214.71,0.494918699186992,318.791981707317
14362,1,161.2,161.2,0.494918699186992,239.342682926829
14363,2,227.47,113.735,0.989837398373984,337.737469512195
14364,8,3717.35,464.66875,3.95934959349593,5519.35807926829
14365,2,634.68,317.34,0.989837398373984,942.345
14366,1,136,136,0.494918699186992,201.926829268293
14367,16,9261.52,578.845,7.91869918699187,13751.0982926829
14368,1,155,155,0.494918699186992,230.137195121951
14369,2,469.13,234.565,0.989837398373984,696.54362804878
14370,6,1175.78,195.963333333333,2.96951219512195,1745.74652439024
14371,1,100.5,100.5,0.494918699186992,149.217987804878
14372,2,860.08,430.04,0.989837398373984,1277.00902439024
14373,1,76.55,76.55,0.494918699186992,113.658079268293
14374,1,108,108,0.494918699186992,160.353658536585
14375,3,1132.99,377.663333333333,1.48475609756098,1682.21381097561
14376,1,215.46,215.46,0.494918699186992,319.905548780488
14377,2,617.05,308.525,0.989837398373984,916.16875
14378,1,131.25,131.25,0.494918699186992,194.874237804878
14379,4,1268.91,317.2275,1.97967479674797,1884.0218597561
14380,1,48.96,48.96,0.494918699186992,72.6936585365854
14381,2,631.34,315.67,0.989837398373984,937.385914634146
14382,2,1246.8,623.4,0.989837398373984,1851.19390243902
14383,3,1247.69,415.896666666667,1.48475609756098,1852.51533536585
14384,1,58.5,58.5,0.494918699186992,86.8582317073171
14385,3,202.11,67.37,1.48475609756098,300.084054878049
14386,1,142.4,142.4,0.494918699186992,211.429268292683
14387,3,1770.56,590.186666666667,1.48475609756098,2628.84975609756
14388,16,6701,418.8125,7.91869918699187,9949.3506097561
14389,5,1898.01,379.602,2.47459349593496,2818.08192073171
14390,13,6399.83,492.294615384615,6.43394308943089,9502.18661585366
14391,1,135.6,135.6,0.494918699186992,201.332926829268
14392,1,266.4,266.4,0.494918699186992,395.539024390244
14393,1,67.95,67.95,0.494918699186992,100.889176829268
14394,1,93.8,93.8,0.494918699186992,139.270121951219
14395,20,8208.01,410.4005,9.89837398373984,12186.8928963415
14396,7,2121.93,303.132857142857,3.46443089430894,3150.54850609756
14397,19,2612.96,137.524210526316,9.40345528455284,3879.60829268293
14398,2,707.79,353.895,0.989837398373984,1050.89551829268
14399,8,2113.16,264.145,3.95934959349593,3137.52719512195
14400,3,1732.47,577.49,1.48475609756098,2572.29539634146
14401,22,6795.9,308.904545454545,10.8882113821138,10090.2539634146
14402,1,285.6,285.6,0.494918699186992,424.046341463415
14403,6,1880.51,313.418333333333,2.96951219512195,2792.09868902439
14404,13,2899.11,223.008461538462,6.43394308943089,4304.47125
14405,1,195,195,0.494918699186992,289.52743902439
14406,1,156.75,156.75,0.494918699186992,232.735518292683
14407,6,2157.73,359.621666666667,2.96951219512195,3203.70277439024
14408,11,4109.77,373.615454545455,5.44410569105691,6102.00606707317
14409,9,3756.09,417.343333333333,4.45426829268293,5576.8775304878
14410,11,2651.14,241.012727272727,5.44410569105691,3936.2962804878
14411,1,1063,1063,0.494918699186992,1578.29573170732
14412,3,1426.19,475.396666666667,1.48475609756098,2117.54429878049
14413,4,770.37,192.5925,1.97967479674797,1143.81155487805
14414,8,2399.33,299.91625,3.95934959349593,3562.41984756098
14415,23,12091.6,525.721739130435,11.3831300813008,17953.0768292683
14416,2,490.22,245.11,0.989837398373984,727.857134146341
14417,1,604.2,604.2,0.494918699186992,897.089634146341
14418,3,1937.25,645.75,1.48475609756098,2876.34375
14419,7,1260.91,180.13,3.46443089430894,1872.14381097561
14420,4,1639.17,409.7925,1.97967479674797,2433.76765243902
14421,6,2469.37,411.561666666667,2.96951219512195,3666.41216463415
14422,19,10271.52,540.606315789474,9.40345528455284,15250.7019512195
14423,3,916.61,305.536666666667,1.48475609756098,1360.94228658537
14424,1,322.08,322.08,0.494918699186992,478.210243902439
14425,3,661.39,220.463333333333,1.48475609756098,982.002835365854
14426,17,11727.94,689.878823529412,8.41361788617886,17413.1304268293
14427,4,1263.52,315.88,1.97967479674797,1876.01902439024
14428,5,1244.83,248.966,2.47459349593496,1848.26893292683
14429,1,516.28,516.28,0.494918699186992,766.54987804878
14430,3,1220.9,406.966666666667,1.48475609756098,1812.7387195122
14431,4,2614.2,653.55,1.97967479674797,3881.4493902439
14432,6,2255.51,375.918333333333,2.96951219512195,3348.88222560976
14433,1,289.6,289.6,0.494918699186992,429.985365853658
14434,6,1372.8,228.8,2.96951219512195,2038.27317073171
14435,1,90.42,90.42,0.494918699186992,134.251646341463
14436,2,271.7,135.85,0.989837398373984,403.408231707317
14437,5,958.84,191.768,2.47459349593496,1423.64353658537
14438,1,131.9,131.9,0.494918699186992,195.839329268293
14439,5,9443.04,1888.608,2.47459349593496,14020.6112195122
14440,13,6638.73,510.671538461538,6.43394308943089,9856.89484756098
14441,11,4611.69,419.244545454546,5.44410569105691,6847.23484756098
14442,7,5367.02,766.717142857143,3.46443089430894,7968.71567073171
14443,5,2386.47,477.294,2.47459349593496,3543.32588414634
14444,1,132.04,132.04,0.494918699186992,196.047195121951
14445,1,221.65,221.65,0.494918699186992,329.09618902439
14446,5,1241.31,248.262,2.47459349593496,1843.04259146341
14447,6,1711.73,285.288333333333,2.96951219512195,2541.50155487805
14448,2,375.35,187.675,0.989837398373984,557.303201219512
14449,8,2482.8,310.35,3.95934959349593,3686.35243902439
14450,7,1128.44,161.205714285714,3.46443089430894,1675.45817073171
14451,12,3308.77,275.730833333333,5.9390243902439,4912.71643292683
14452,4,665.59,166.3975,1.97967479674797,988.23881097561
14453,1,119.93,119.93,0.494918699186992,178.066798780488
14454,5,977.3,195.46,2.47459349593496,1451.05213414634
14455,4,628.21,157.0525,1.97967479674797,932.73862804878
14456,9,3062.4,340.266666666667,4.45426829268293,4546.91707317073
14457,1,113.64,113.64,0.494918699186992,168.727682926829
14458,1,237.42,237.42,0.494918699186992,352.510792682927
14459,2,5375.741,2687.8705,0.989837398373984,7981.66422865854
14460,9,1093.5,121.5,4.45426829268293,1623.58079268293
14461,13,6713.5,516.423076923077,6.43394308943089,9967.91006097561
14462,12,2270.01,189.1675,5.9390243902439,3370.41118902439
14463,4,786.57,196.6425,1.97967479674797,1167.86460365854
14464,2,111,55.5,0.989837398373984,164.807926829268
14465,11,3946.03,358.73,5.44410569105691,5858.89210365854
14466,13,4646.9,357.453846153846,6.43394308943089,6899.5131097561
14467,12,2220.99,185.0825,5.9390243902439,3297.62844512195
14468,1,204.24,204.24,0.494918699186992,303.246585365854
14469,4,2112.21,528.0525,1.97967479674797,3136.11667682927
14470,3,712.04,237.346666666667,1.48475609756098,1057.20573170732
14471,2,400.95,200.475,0.989837398373984,595.312957317073
14472,9,2228.22,247.58,4.45426829268293,3308.36323170732
14473,2,234.34,117.17,0.989837398373984,347.937743902439
14474,2,1278.08,639.04,0.989837398373984,1897.63707317073
14475,4,1151.15,287.7875,1.97967479674797,1709.17698170732
14476,1,215.7,215.7,0.494918699186992,320.261890243902
14477,7,1969.6,281.371428571429,3.46443089430894,2924.3756097561
14478,4,1276.66,319.165,1.97967479674797,1895.5287195122
14479,4,1299.11,324.7775,1.97967479674797,1928.86149390244
14480,4,1299.52,324.88,1.97967479674797,1929.47024390244
14481,5,2311.49,462.298,2.47459349593496,3431.99887195122
14482,12,4357.91,363.159166666667,5.9390243902439,6470.43344512195
14483,2,257.1,128.55,0.989837398373984,381.730792682927
14484,4,1070.98,267.745,1.97967479674797,1590.14408536585
14485,1,165.75,165.75,0.494918699186992,246.098323170732
14486,2,175.5,87.75,0.989837398373984,260.574695121951
14487,7,1453.61,207.658571428571,3.46443089430894,2158.25631097561
14488,1,1064.28,1064.28,0.494918699186992,1580.19621951219
14489,4,1574.93,393.7325,1.97967479674797,2338.38692073171
14490,2,1273.47,636.735,0.989837398373984,1890.79234756098
14491,2,468.13,234.065,0.989837398373984,695.058871951219
14492,7,1921.91,274.558571428571,3.46443089430894,2853.56759146341
14493,10,5130.15,513.015,4.94918699186992,7617.02149390244
14494,3,401.46,133.82,1.48475609756098,596.070182926829
14495,3,174.8,58.2666666666667,1.48475609756098,259.535365853659
14496,7,2668.23,381.175714285714,3.46443089430894,3961.67076219512
14497,2,697.06,348.53,0.989837398373984,1034.96408536585
14498,10,3911.27,391.127,4.94918699186992,5807.28198170732
14499,7,2138.97,305.567142857143,3.46443089430894,3175.84875
14500,3,356.85,118.95,1.48475609756098,529.835213414634
14501,2,251.21,125.605,0.989837398373984,372.985579268293
14502,11,2470.67,224.606363636364,5.44410569105691,3668.34234756098
14503,6,3543.26,590.543333333333,2.96951219512195,5260.8768902439
14504,4,673.26,168.315,1.97967479674797,999.626890243902
14505,19,12001.84,631.675789473684,9.40345528455284,17819.8051219512
14506,7,3290.67,470.095714285714,3.46443089430894,4885.84234756097
14507,11,3284.43,298.584545454545,5.44410569105691,4876.57746951219
14508,5,874.94,174.988,2.47459349593496,1299.0725
14509,1,110.95,110.95,0.494918699186992,164.73368902439
14510,3,1007.28,335.76,1.48475609756098,1495.56512195122
14511,5,1314.81,262.962,2.47459349593496,1952.17216463415
14512,7,1223.47,174.781428571429,3.46443089430894,1816.55454268293
14513,6,788.01,131.335,2.96951219512195,1170.00265243902
14514,9,4598.98,510.997777777778,4.45426829268293,6828.36359756098
14515,12,3749.26,312.438333333333,5.9390243902439,5566.73664634146
14516,1,163.92,163.92,0.494918699186992,243.381219512195
14517,2,330.45,165.225,0.989837398373984,490.637652439024
14518,1,174.37,174.37,0.494918699186992,258.896920731707
14519,2,206.09,103.045,0.989837398373984,305.993384146341
14520,2,270.6,135.3,0.989837398373984,401.775
14521,1,199.45,199.45,0.494918699186992,296.134603658537
14522,8,1758.62,219.8275,3.95934959349593,2611.12176829268
14523,1,241.09,241.09,0.494918699186992,357.959847560976
14524,13,2933.71,225.67,6.43394308943089,4355.84381097561
14525,17,8240.64,484.743529411765,8.41361788617886,12235.3404878049
14526,1,262.4,262.4,0.494918699186992,389.6
14527,122,27792.3,227.805737704918,60.380081300813,41264.7868902439
14528,1,364.22,364.22,0.494918699186992,540.777865853658
14529,3,620.04,206.68,1.48475609756098,920.608170731707
14530,16,6197.4,387.3375,7.91869918699187,9201.62743902439
14531,1,376.34,376.34,0.494918699186992,558.773109756097
14532,11,3859.18,350.834545454545,5.44410569105691,5729.94103658537
14533,11,3466.37,315.124545454545,5.44410569105691,5146.71399390244
14534,26,6271.11,241.196538461538,12.8678861788618,9311.06881097561
14535,9,6030.73,670.081111111111,4.45426829268293,8954.1631402439
14536,1,171.8,171.8,0.494918699186992,255.081097560976
14537,2,641.4,320.7,0.989837398373984,952.32256097561
14538,5,1370.84,274.168,2.47459349593496,2035.36304878049
14539,2,537.48,268.74,0.989837398373984,798.026707317073
14540,11,3795.34,345.030909090909,5.44410569105691,5635.15420731707
14541,14,2499.68,178.548571428571,6.92886178861789,3711.41512195122
14542,1,103.25,103.25,0.494918699186992,153.301067073171
14543,39,14906.77,382.224871794872,19.3018292682927,22132.917652439
14544,3,2982.43,994.143333333333,1.48475609756098,4428.18112804878
14545,1,349.25,349.25,0.494918699186992,518.551067073171
14546,11,5197.9,472.536363636364,5.44410569105691,7717.61371951219
14547,8,4007.54,500.9425,3.95934959349593,5950.21945121951
14548,9,2627.49,291.943333333333,4.45426829268293,3901.18179878049
14549,4,916.55,229.1375,1.97967479674797,1360.85320121951
14550,4,1353.31,338.3275,1.97967479674797,2009.33527439024
14551,7,880.04,125.72,3.46443089430894,1306.64475609756
14552,3,511.28,170.426666666667,1.48475609756098,759.126097560975
14553,9,1841.54,204.615555555556,4.45426829268293,2734.23774390244
14554,4,2381.04,595.26,1.97967479674797,3535.26365853658
14555,6,2315.63,385.938333333333,2.96951219512195,3438.14576219512
14556,3,835.34,278.446666666667,1.48475609756098,1240.27615853659
14557,1,788.38,788.38,0.494918699186992,1170.55201219512
14558,3,655.5,218.5,1.48475609756098,973.257621951219
14559,1,75.6,75.6,0.494918699186992,112.24756097561
14560,44,6114.03,138.955227272727,21.7764227642276,9077.84332317073
14561,3,1080.76,360.253333333333,1.48475609756098,1604.665
14562,26,6729.4,258.823076923077,12.8678861788618,9991.51768292683
14563,2,679.44,339.72,0.989837398373984,1008.80268292683
14564,2,2605.62,1302.81,0.989837398373984,3868.71018292683
14565,5,3859.22,771.844,2.47459349593496,5730.00042682927
14566,4,4092,1023,1.97967479674797,6075.62195121951
14567,2,1530.36,765.18,0.989837398373984,2272.21134146341
14568,1,919.7,919.7,0.494918699186992,1365.53018292683
14569,4,598.98,149.745,1.97967479674797,889.339207317073
14570,3,613.75,204.583333333333,1.48475609756098,911.269054878049
14571,1,161.65,161.65,0.494918699186992,240.010823170732
14572,11,5615.18,510.470909090909,5.44410569105691,8337.17274390244
14573,13,2621.42,201.647692307692,6.43394308943089,3892.16932926829
14574,1,143.7,143.7,0.494918699186992,213.359451219512
14575,1,460.71,460.71,0.494918699186992,684.041981707317
14576,1,70.8,70.8,0.494918699186992,105.120731707317
14577,7,1374.25,196.321428571429,3.46443089430894,2040.42606707317
14578,1,168.63,168.63,0.494918699186992,250.374420731707
14579,1,105.56,105.56,0.494918699186992,156.730853658537
14580,1,14.85,14.85,0.494918699186992,22.0486280487805
14581,2,433.8,216.9,0.989837398373984,644.087195121951
14582,1,114.11,114.11,0.494918699186992,169.425518292683
14583,8,1781.03,222.62875,3.95934959349593,2644.39515243902
14584,8,1747.91,218.48875,3.95934959349593,2595.22003048781
14585,5,1143.27,228.654,2.47459349593496,1697.47710365854
14586,1,237.36,237.36,0.494918699186992,352.421707317073
14587,9,1601.14,177.904444444444,4.45426829268293,2377.30237804878
14588,1,135.39,135.39,0.494918699186992,201.02112804878
14589,1,79.5,79.5,0.494918699186992,118.038109756098
14590,20,3006.62,150.331,9.89837398373984,4464.09737804878
14591,4,1447.14,361.785,1.97967479674797,2148.64993902439
14592,3,570.46,190.153333333333,1.48475609756098,846.993963414634
14593,12,3712.01,309.334166666667,5.9390243902439,5511.42948170732
14594,2,634.83,317.415,0.989837398373984,942.567713414634
14595,8,2164.45,270.55625,3.95934959349593,3213.68033536585
14596,1,229.47,229.47,0.494918699186992,340.706981707317
14597,6,2201.54,366.923333333333,2.96951219512195,3268.74993902439
14598,2,384.04,192.02,0.989837398373984,570.205731707317
14599,2,474.54,237.27,0.989837398373984,704.576158536585
14600,2,865.17,432.585,0.989837398373984,1284.56643292683
14601,1,213.96,213.96,0.494918699186992,317.678414634146
14602,1,205.36,205.36,0.494918699186992,304.909512195122
14603,1,660,660,0.494918699186992,979.939024390244
14604,1,143.86,143.86,0.494918699186992,213.597012195122
14605,4,937.16,234.29,1.97967479674797,1391.45402439024
14606,192,30861.06,160.7346875,95.0243902439024,45821.1470121951
14607,22,24137.63,1097.165,10.8882113821138,35838.4933231707
14608,11,3352.94,304.812727272727,5.44410569105691,4978.2981097561
14609,10,1486.2,148.62,4.94918699186992,2206.64451219512
14610,2,24.35,12.175,0.989837398373984,36.1538109756098
14611,2,604.33,302.165,0.989837398373984,897.282652439024
14612,1,877.7,877.7,0.494918699186992,1303.17042682927
14613,1,76.32,76.32,0.494918699186992,113.316585365854
14614,1,295.13,295.13,0.494918699186992,438.196067073171
14615,5,951.76,190.352,2.47459349593496,1413.13146341463
14616,5,527.78,105.556,2.47459349593496,783.624573170732
14617,2,190.47,95.235,0.989837398373984,282.801493902439
14618,7,1342.32,191.76,3.46443089430894,1993.01780487805
14619,2,1291.24,645.62,0.989837398373984,1917.17646341463
14620,2,412.78,206.39,0.989837398373984,612.877621951219
14621,9,3000.57,333.396666666667,4.45426829268293,4455.11460365854
14622,1,320.58,320.58,0.494918699186992,475.983109756098
14623,10,2059.58,205.958,4.94918699186992,3057.97396341463
14624,6,814.07,135.678333333333,2.96951219512195,1208.69539634146
14625,11,4497.88,408.898181818182,5.44410569105691,6678.25475609756
14626,11,5410.92,491.901818181818,5.44410569105691,8033.89646341463
14627,1,462.75,462.75,0.494918699186992,687.070884146341
14628,5,1998,399.6,2.47459349593496,2966.54268292683
14629,2,959.01,479.505,0.989837398373984,1423.89594512195
14630,1,338.65,338.65,0.494918699186992,502.812652439024
14631,6,2025.69,337.615,2.96951219512195,3007.65557926829
14632,1,114.56,114.56,0.494918699186992,170.093658536585
14633,1,344.9,344.9,0.494918699186992,512.09237804878
14634,4,2124.46,531.115,1.97967479674797,3154.30493902439
14635,1,215.22,215.22,0.494918699186992,319.549207317073
14636,2,609.85,304.925,0.989837398373984,905.478506097561
14637,1,106.68,106.68,0.494918699186992,158.393780487805
14638,1,443.6,443.6,0.494918699186992,658.637804878049
14639,9,4978.96,553.217777777778,4.45426829268293,7392.5412195122
14640,10,3667.06,366.706,4.94918699186992,5444.68969512195
14641,1,110.46,110.46,0.494918699186992,164.006158536585
14642,1,96.12,96.12,0.494918699186992,142.714756097561
14643,5,1679.89,335.978,2.47459349593496,2494.22692073171
14644,7,2247.72,321.102857142857,3.46443089430894,3337.31597560976
14645,3,876.89,292.296666666667,1.48475609756098,1301.96777439024
14646,151,528602.52,3500.67894039735,74.7327235772358,784845.814756098
14647,2,519.97,259.985,0.989837398373984,772.028628048781
14648,15,4546.86,303.124,7.42378048780488,6750.9781097561
14649,9,3775.31,419.478888888889,4.45426829268293,5605.41454268293
14650,1,62.5,62.5,0.494918699186992,92.797256097561
14651,9,2034.12,226.013333333333,4.45426829268293,3020.17207317073
14652,1,114.18,114.18,0.494918699186992,169.529451219512
14653,12,3614.54,301.211666666667,5.9390243902439,5366.71030487805
14654,1,246.86,246.86,0.494918699186992,366.526890243902
14655,7,3878.51,554.072857142857,3.46443089430894,5758.64137195122
14656,5,814.65,162.93,2.47459349593496,1209.55655487805
14657,6,1460.87,243.478333333333,2.96951219512195,2169.0356402439
14658,2,247.15,123.575,0.989837398373984,366.957469512195
14659,9,2529.93,281.103333333333,4.45426829268293,3756.32899390244
14660,2,285.74,142.87,0.989837398373984,424.254207317073
14661,1,107.95,107.95,0.494918699186992,160.279420731707
14662,7,1416.33,202.332857142857,3.46443089430894,2102.90460365854
14663,2,490.6,245.3,0.989837398373984,728.421341463415
14664,2,637.89,318.945,0.989837398373984,947.111067073171
14665,7,2749.65,392.807142857143,3.46443089430894,4082.55960365854
14666,1,195.25,195.25,0.494918699186992,289.89862804878
14667,54,21927.14,406.058148148148,26.7256097560976,32556.4548170732
14668,1,111.63,111.63,0.494918699186992,165.743323170732
14669,7,3243.93,463.418571428571,3.46443089430894,4816.44484756098
14670,3,602,200.666666666667,1.48475609756098,893.823170731707
14671,2,1127.45,563.725,0.989837398373984,1673.98826219512
14672,4,1113.14,278.285,1.97967479674797,1652.74140243902
14673,7,3410.81,487.258571428571,3.46443089430894,5064.22094512195
14674,1,173.66,173.66,0.494918699186992,257.842743902439
14675,2,1066.9,533.45,0.989837398373984,1584.0862804878
14676,12,8356.79,696.399166666667,5.9390243902439,12407.7949085366
14677,1,184.91,184.91,0.494918699186992,274.54625
14678,1,403.39,403.39,0.494918699186992,598.935762195122
14679,3,1289.44,429.813333333333,1.48475609756098,1914.50390243902
14680,58,57412.77,989.875344827586,28.7052845528455,85243.9603353658
14681,6,875.15,145.858333333333,2.96951219512195,1299.38429878049
14682,6,1514.81,252.468333333333,2.96951219512195,2249.12338414634
14683,1,146.56,146.56,0.494918699186992,217.605853658537
14684,6,1468.55,244.758333333333,2.96951219512195,2180.43856707317
14685,8,4619.79,577.47375,3.95934959349593,6859.26137195122
14686,5,885.83,177.166,2.47459349593496,1315.24149390244
14687,3,1402.06,467.353333333333,1.48475609756098,2081.71713414634
14688,28,7713.57,275.484642857143,13.8577235772358,11452.7700914634
14689,1,112.8,112.8,0.494918699186992,167.480487804878
14690,4,794.33,198.5825,1.97967479674797,1179.38631097561
14691,5,2114.33,422.866,2.47459349593496,3139.2643597561
14692,12,1745.09,145.424166666667,5.9390243902439,2591.03301829268
14693,7,1165.36,166.48,3.46443089430894,1730.27536585366
14694,1,244.31,244.31,0.494918699186992,362.740762195122
14695,3,1620.07,540.023333333333,1.48475609756098,2405.40881097561
14696,8,2767.9,345.9875,3.95934959349593,4109.65640243902
14697,2,188.61,94.305,0.989837398373984,280.039847560976
14698,5,1250.76,250.152,2.47459349593496,1857.07353658537
14699,4,702.6,175.65,1.97967479674797,1043.18963414634
14700,5,3116.26,623.252,2.47459349593496,4626.88603658537
14701,15,4562.09,304.139333333333,7.42378048780488,6773.59094512195
14702,29,6754.22,232.904137931034,14.3526422764228,10028.3693292683
14703,1,318.17,318.17,0.494918699186992,472.404847560976
14704,11,1813.57,164.87,5.44410569105691,2692.70911585366
14705,1,179,179,0.494918699186992,265.771341463415
14706,1,390.69,390.69,0.494918699186992,580.079359756098
14707,2,139.2,69.6,0.989837398373984,206.678048780488
14708,5,2212.28,442.456,2.47459349593496,3284.69621951219
14709,25,8886.33,355.4532,12.3729674796748,13194.032652439
14710,13,1922.59,147.891538461538,6.43394308943089,2854.57722560976
14711,11,2868.8,260.8,5.44410569105691,4259.46829268293
14712,4,1328.07,332.0175,1.97967479674797,1971.86003048781
14713,21,5418.87,258.041428571429,10.3932926829268,8045.70027439024
14714,4,906.24,226.56,1.97967479674797,1345.54536585366
14715,8,1840.45,230.05625,3.95934959349593,2732.6193597561
14716,3,565.45,188.483333333333,1.48475609756098,839.555335365854
14717,1,81.3,81.3,0.494918699186992,120.710670731707
14718,1,226.42,226.42,0.494918699186992,336.178475609756
14719,5,1602.13,320.426,2.47459349593496,2378.77228658537
14720,3,663.81,221.27,1.48475609756098,985.595945121951
14721,1,115.77,115.77,0.494918699186992,171.890213414634
14722,3,513.37,171.123333333333,1.48475609756098,762.229237804878
14723,11,2093.06,190.278181818182,5.44410569105691,3107.68359756098
14724,1,345.25,345.25,0.494918699186992,512.612042682927
14725,4,1315.24,328.81,1.97967479674797,1952.8106097561
14726,1,124.75,124.75,0.494918699186992,185.223323170732
14727,3,467.93,155.976666666667,1.48475609756098,694.761920731707
14728,1,190.58,190.58,0.494918699186992,282.964817073171
14729,3,907.38,302.46,1.48475609756098,1347.23798780488
14730,8,2005.06,250.6325,3.95934959349593,2977.02506097561
14731,3,380.02,126.673333333333,1.48475609756098,564.237012195122
14732,19,5517.07,290.372105263158,9.40345528455284,8191.50332317073
14733,15,16184.97,1078.998,7.42378048780488,24030.7328963415
14734,4,1056.42,264.105,1.97967479674797,1568.52603658537
14735,56,12240.16,218.574285714286,27.7154471544715,18173.6521951219
14736,2,401.08,200.54,0.989837398373984,595.505975609756
14737,4,3554.17,888.5425,1.97967479674797,5277.07557926829
14738,9,1821.9,202.433333333333,4.45426829268293,2705.07713414634
14739,25,12287.5,491.5,12.3729674796748,18243.9405487805
14740,11,4161.06,378.278181818182,5.44410569105691,6178.15920731707
14741,7,1897.59,271.084285714286,3.46443089430894,2817.45832317073
14742,1,579.85,579.85,0.494918699186992,860.935823170732
14743,1,50.48,50.48,0.494918699186992,74.950487804878
14744,14,3885.08,277.505714285714,6.92886178861789,5768.39621951219
14745,12,2571.81,214.3175,5.9390243902439,3818.51057926829
14746,4,593.5,148.375,1.97967479674797,881.202743902439
14747,1,328.2,328.2,0.494918699186992,487.296951219512
14748,10,3152.32,315.232,4.94918699186992,4680.42634146341
14749,1,310.15,310.15,0.494918699186992,460.497103658537
14750,1,112.03,112.03,0.494918699186992,166.337225609756
14751,2,126.45,63.225,0.989837398373984,187.747408536585
14752,1,389.64,389.64,0.494918699186992,578.520365853658
14753,2,869.51,434.755,0.989837398373984,1291.01027439024
14754,6,1550.48,258.413333333333,2.96951219512195,2302.08463414634
14755,25,9972.55,398.902,12.3729674796748,14806.8044207317
14756,3,2653.76,884.586666666667,1.48475609756098,3940.18634146341
14757,1,420.5,420.5,0.494918699186992,624.33993902439
14758,7,2864.97,409.281428571429,3.46443089430894,4253.78167682927
14759,3,1625.97,541.99,1.48475609756098,2414.16887195122
14760,1,89.2,89.2,0.494918699186992,132.440243902439
14761,3,447.92,149.306666666667,1.48475609756098,665.051951219512
14762,2,417.57,208.785,0.989837398373984,619.989603658536
14764,1,278.3,278.3,0.494918699186992,413.207621951219
14765,3,254.11,84.7033333333333,1.48475609756098,377.29137195122
14766,11,6556.13,596.011818181818,5.44410569105691,9734.25399390244
14767,1,382.81,382.81,0.494918699186992,568.379481707317
14768,2,192.6,96.3,0.989837398373984,285.964024390244
14769,17,15771.88,927.757647058824,8.41361788617886,23417.395
14770,8,3637.64,454.705,3.95934959349593,5401.00817073171
14771,2,594.62,297.31,0.989837398373984,882.865670731707
14772,1,139.26,139.26,0.494918699186992,206.767134146341
14773,1,140.55,140.55,0.494918699186992,208.682469512195
14774,1,241.45,241.45,0.494918699186992,358.494359756098
14775,3,1418.46,472.82,1.48475609756098,2106.06713414634
14776,15,3708.3,247.22,7.42378048780488,5505.92103658537
14777,1,307.56,307.56,0.494918699186992,456.651585365854
14778,2,730.86,365.43,0.989837398373984,1085.14884146341
14779,3,386.15,128.716666666667,1.48475609756098,573.338567073171
14780,2,447.68,223.84,0.989837398373984,664.695609756098
14782,1,200.1,200.1,0.494918699186992,297.099695121951
14783,1,307.3,307.3,0.494918699186992,456.265548780488
14784,3,449.93,149.976666666667,1.48475609756098,668.03631097561
14785,2,77.4,38.7,0.989837398373984,114.920121951219
14786,1,90.96,90.96,0.494918699186992,135.053414634146
14787,1,110.65,110.65,0.494918699186992,164.288262195122
14788,3,1156.32,385.44,1.48475609756098,1716.85317073171
14789,1,197.64,197.64,0.494918699186992,293.447195121951
14790,10,2526.62,252.662,4.94918699186992,3751.41445121951
14791,1,303.63,303.63,0.494918699186992,450.816493902439
14792,1,6.2,6.2,0.494918699186992,9.20548780487805
14793,2,625.9,312.95,0.989837398373984,929.308841463415
14794,10,1953.9,195.39,4.94918699186992,2901.06493902439
14795,1,131.45,131.45,0.494918699186992,195.17118902439
14796,27,10889.64,403.32,13.3628048780488,16168.4593902439
14797,1,300.31,300.31,0.494918699186992,445.887103658537
14798,8,724.31,90.53875,3.95934959349593,1075.42368902439
14799,2,338.15,169.075,0.989837398373984,502.070274390244
14800,17,7774.32,457.312941176471,8.41361788617886,11542.9690243902
14801,1,193.14,193.14,0.494918699186992,286.765792682927
14802,2,1502.98,751.49,0.989837398373984,2231.5587195122
14803,3,845.55,281.85,1.48475609756098,1255.43551829268
14804,1,353.27,353.27,0.494918699186992,524.519786585366
14805,7,1104.64,157.805714285714,3.46443089430894,1640.12097560976
14806,2,303.43,151.715,0.989837398373984,450.519542682927
14807,2,519.29,259.645,0.989837398373984,771.018993902439
14808,8,2741.17,342.64625,3.95934959349593,4069.96887195122
14809,2,686.76,343.38,0.989837398373984,1019.67109756098
14810,13,2537.02,195.155384615385,6.43394308943089,3766.85591463415
14811,1,170.5,170.5,0.494918699186992,253.150914634146
14812,1,185.8,185.8,0.494918699186992,275.867682926829
14813,4,1090.87,272.7175,1.97967479674797,1619.67588414634
14814,1,160.46,160.46,0.494918699186992,238.243963414634
14815,2,778.5,389.25,0.989837398373984,1155.88262195122
14816,1,271.85,271.85,0.494918699186992,403.630945121951
14817,7,3959.86,565.694285714286,3.46443089430894,5879.4262804878
14818,6,1170.41,195.068333333333,2.96951219512195,1737.77338414634
14819,4,470.16,117.54,1.97967479674797,698.072926829268
14820,9,1274.76,141.64,4.45426829268293,1892.70768292683
14821,7,1286.45,183.778571428571,3.46443089430894,1910.06448170732
14822,1,157.7,157.7,0.494918699186992,234.146036585366
14823,3,321.43,107.143333333333,1.48475609756098,477.245152439024
14824,10,4022.91,402.291,4.94918699186992,5973.04015243902
14825,24,4925.08,205.211666666667,11.8780487804878,7312.54256097561
14826,2,385.2,192.6,0.989837398373984,571.928048780488
14828,13,9839.46,756.881538461539,6.43394308943089,14609.1982317073
14829,7,1692.84,241.834285714286,3.46443089430894,2513.45451219512
14830,1,197.13,197.13,0.494918699186992,292.689969512195
14831,3,1676.57,558.856666666667,1.48475609756098,2489.2975304878
14832,1,322.69,322.69,0.494918699186992,479.115945121951
14833,1,94.8,94.8,0.494918699186992,140.75487804878
14834,7,2206.16,315.165714285714,3.46443089430894,3275.60951219512
14835,2,297,148.5,0.989837398373984,440.97256097561
14836,3,102.45,34.15,1.48475609756098,152.113262195122
14837,9,3460.32,384.48,4.45426829268293,5137.73121951219
14838,2,773.67,386.835,0.989837398373984,1148.71125
14839,3,915.28,305.093333333333,1.48475609756098,1358.96756097561
14840,2,362.71,181.355,0.989837398373984,538.535884146341
14841,14,7163,511.642857142857,6.92886178861789,10635.3079268293
14842,4,2824.69,706.1725,1.97967479674797,4193.97570121951
14843,1,211.8,211.8,0.494918699186992,314.471341463415
14844,10,6702.43,670.243,4.94918699186992,9951.47381097561
14845,1,150,150,0.494918699186992,222.713414634146
14846,1,437.4,437.4,0.494918699186992,649.432317073171
14847,3,1348.95,449.65,1.48475609756098,2002.86173780488
14848,1,310.56,310.56,0.494918699186992,461.105853658537
14849,43,15763.45,366.591860465116,21.2815040650406,23404.8785060976
14850,7,1794.01,256.287142857143,3.46443089430894,2663.66728658537
14851,3,829.41,276.47,1.48475609756098,1231.47155487805
14852,18,6147.18,341.51,8.90853658536585,9127.06298780488
14853,5,1376.87,275.374,2.47459349593496,2044.31612804878
14854,11,4322.86,392.987272727273,5.44410569105691,6418.39274390244
14855,7,6520.3,931.471428571429,3.46443089430894,9681.05518292683
14856,3,1311.38,437.126666666667,1.48475609756098,1947.07945121951
14857,7,3651.851,521.693,3.46443089430894,5422.10803963415
14858,1,180.75,180.75,0.494918699186992,268.369664634146
14859,5,1705.64,341.128,2.47459349593496,2532.4593902439
14860,1,170.32,170.32,0.494918699186992,252.883658536585
14861,10,1380.73,138.073,4.94918699186992,2050.04728658537
14862,2,841.2,420.6,0.989837398373984,1248.97682926829
14863,1,266.76,266.76,0.494918699186992,396.073536585366
14865,4,129.72,32.43,1.97967479674797,192.60256097561
14866,19,20850.22,1097.38,9.40345528455284,30957.4912804878
14867,16,2952.06,184.50375,7.91869918699187,4383.08908536585
14868,12,4184.01,348.6675,5.9390243902439,6212.2343597561
14869,6,2804.24,467.373333333333,2.96951219512195,4163.61243902439
14870,6,1838.95,306.491666666667,2.96951219512195,2730.39222560976
14871,9,1258.97,139.885555555556,4.45426829268293,1869.26338414634
14872,3,816.6,272.2,1.48475609756098,1212.45182926829
14873,2,854.13,427.065,0.989837398373984,1268.17472560976
14874,1,116.18,116.18,0.494918699186992,172.498963414634
14875,3,2862.4,954.133333333333,1.48475609756098,4249.96585365854
14876,2,256.7,128.35,0.989837398373984,381.136890243902
14877,2,437,218.5,0.989837398373984,648.838414634146
14878,25,4105.24,164.2096,12.3729674796748,6095.28012195122
14879,1,185.06,185.06,0.494918699186992,274.768963414634
14880,3,706.19,235.396666666667,1.48475609756098,1048.51990853659
14881,1,255.4,255.4,0.494918699186992,379.206707317073
14882,14,3628.15,259.153571428571,6.92886178861789,5386.91783536585
14883,6,761.59,126.931666666667,2.96951219512195,1130.77539634146
14884,1,120.6,120.6,0.494918699186992,179.061585365854
14885,3,1598.12,532.706666666667,1.48475609756098,2372.81841463415
14886,1,364.8,364.8,0.494918699186992,541.639024390244
14887,1,1862,1862,0.494918699186992,2764.61585365854
14888,1,369.2,369.2,0.494918699186992,548.171951219512
14889,1,135.9,135.9,0.494918699186992,201.778353658537
14890,3,817.25,272.416666666667,1.48475609756098,1213.41692073171
14891,4,1106.73,276.6825,1.97967479674797,1643.22411585366
14892,1,202.35,202.35,0.494918699186992,300.440396341463
14893,3,1809.61,603.203333333333,1.48475609756098,2686.82948170732
14894,3,1492.81,497.603333333333,1.48475609756098,2216.45875
14895,38,25119.54,661.04052631579,18.8069105691057,37296.3901829268
14896,8,2092.42,261.5525,3.95934959349593,3106.73335365854
14897,8,3140.54,392.5675,3.95934959349593,4662.93591463415
14898,14,3507.81,250.557857142857,6.92886178861789,5208.24228658537
14899,1,1384.88,1384.88,0.494918699186992,2056.20902439024
14900,1,13.92,13.92,0.494918699186992,20.6678048780488
14901,12,2289.65,190.804166666667,5.9390243902439,3399.57179878049
14902,3,1035.62,345.206666666667,1.48475609756098,1537.6431097561
14903,5,2810.63,562.126,2.47459349593496,4173.1000304878
14904,4,1640.64,410.16,1.97967479674797,2435.95024390244
14905,8,1971.39,246.42375,3.95934959349593,2927.03332317073
14906,1,68.44,68.44,0.494918699186992,101.616707317073
14907,16,6165.79,385.361875,7.91869918699187,9154.69429878049
14908,2,381.9,190.95,0.989837398373984,567.028353658537
14909,3,1404.68,468.226666666667,1.48475609756098,2085.60719512195
14910,4,434.35,108.5875,1.97967479674797,644.90381097561
14911,398,295972.63,743.649824120603,196.977642276423,439447.167103659
14912,6,1889.25,314.875,2.96951219512195,2805.07545731707
14913,8,4073.13,509.14125,3.95934959349593,6047.60460365854
14915,11,1811.25,164.659090909091,5.44410569105691,2689.26448170732
14916,8,3042.95,380.36875,3.95934959349593,4518.03856707317
14917,2,1123.75,561.875,0.989837398373984,1668.49466463415
14918,9,5955.81,661.756666666667,4.45426829268293,8842.92521341463
14919,1,359.35,359.35,0.494918699186992,533.547103658537
14920,3,1607.17,535.723333333333,1.48475609756098,2386.25545731707
14921,2,1316.07,658.035,0.989837398373984,1954.04295731707
14922,2,843.74,421.87,0.989837398373984,1252.7481097561
14923,1,749.1,749.1,0.494918699186992,1112.23079268293
14924,3,931.01,310.336666666667,1.48475609756098,1382.32277439024
14926,2,359.4,179.7,0.989837398373984,533.621341463415
14927,1,308.2,308.2,0.494918699186992,457.601829268293
14928,1,223.91,223.91,0.494918699186992,332.451737804878
14929,2,836.69,418.345,0.989837398373984,1242.28057926829
14930,6,5246.63,874.438333333333,2.96951219512195,7789.96588414634
14931,5,1257.68,251.536,2.47459349593496,1867.34804878049
14932,2,1029.66,514.83,0.989837398373984,1528.79396341463
14933,4,1770,442.5,1.97967479674797,2628.01829268293
14934,5,3503.5,700.7,2.47459349593496,5201.84298780488
14935,2,2849.83,1424.915,0.989837398373984,4231.30246951219
14936,12,12410.81,1034.23416666667,5.9390243902439,18427.0258231707
14937,3,1621.88,540.626666666667,1.48475609756098,2408.09621951219
14938,2,2322.43,1161.215,0.989837398373984,3448.24210365854
14940,2,531.49,265.745,0.989837398373984,789.133018292683
14941,1,182.1,182.1,0.494918699186992,270.374085365854
14942,4,746.56,186.64,1.97967479674797,1108.45951219512
14943,1,107.62,107.62,0.494918699186992,159.789451219512
14944,19,9784.67,514.982631578947,9.40345528455284,14527.848445122
14945,1,179.4,179.4,0.494918699186992,266.365243902439
14946,1,100.9,100.9,0.494918699186992,149.811890243902
14947,6,1049.79,174.965,2.96951219512195,1558.68210365854
14948,6,1101.97,183.661666666667,2.96951219512195,1636.15667682927
14949,4,515,128.75,1.97967479674797,764.649390243902
14950,1,371.2,371.2,0.494918699186992,551.141463414634
14951,1,311.69,311.69,0.494918699186992,462.78362804878
14952,32,17629.35,550.9171875,15.8373983739837,26175.2849085366
14953,4,1013.77,253.4425,1.97967479674797,1505.20118902439
14954,2,503.44,251.72,0.989837398373984,747.485609756097
14955,1,163.77,163.77,0.494918699186992,243.158506097561
14956,1,1325,1325,0.494918699186992,1967.30182926829
14957,2,333.29,166.645,0.989837398373984,494.854359756098
14958,6,957.94,159.656666666667,2.96951219512195,1422.30725609756
14959,4,695.42,173.855,1.97967479674797,1032.52908536585
14960,2,221.27,110.635,0.989837398373984,328.531981707317
14961,22,16410.15,745.915909090909,10.8882113821138,24365.0702743902
14962,4,366.91,91.7275,1.97967479674797,544.771859756098
14963,12,3164.48,263.706666666667,5.9390243902439,4698.48097560976
14964,1,206.21,206.21,0.494918699186992,306.171554878049
14965,2,599,299.5,0.989837398373984,889.368902439024
14966,6,1115.84,185.973333333333,2.96951219512195,1656.75024390244
14967,6,1982.61,330.435,2.96951219512195,2943.69228658537
14968,2,504.99,252.495,0.989837398373984,749.786981707317
14969,1,906.23,906.23,0.494918699186992,1345.53051829268
14970,12,4919.35,409.945833333333,5.9390243902439,7304.03490853659
14971,3,1116.57,372.19,1.48475609756098,1657.83411585366
14972,2,145.07,72.535,0.989837398373984,215.393567073171
14973,3,1314.45,438.15,1.48475609756098,1951.63765243902
14974,1,114.39,114.39,0.494918699186992,169.84125
14975,2,472.39,236.195,0.989837398373984,701.383932926829
14976,7,790.86,112.98,3.46443089430894,1174.23420731707
14977,1,31.93,31.93,0.494918699186992,47.4082621951219
14978,10,3142.14,314.214,4.94918699186992,4665.31152439024
14979,1,439.46,439.46,0.494918699186992,652.490914634146
14980,1,150.68,150.68,0.494918699186992,223.723048780488
14981,2,372.92,186.46,0.989837398373984,553.695243902439
14982,1,237.78,237.78,0.494918699186992,353.045304878049
14983,1,183.2,183.2,0.494918699186992,272.007317073171
14984,6,1271.41,211.901666666667,2.96951219512195,1887.73375
14985,2,296.75,148.375,0.989837398373984,440.601371951219
14986,2,566.9,283.45,0.989837398373984,841.708231707317
14987,8,1713.85,214.23125,3.95934959349593,2544.64923780488
14988,7,2066.6,295.228571428571,3.46443089430894,3068.39695121951
14989,1,342.4,342.4,0.494918699186992,508.380487804878
14990,2,305.42,152.71,0.989837398373984,453.474207317073
14991,1,314.67,314.67,0.494918699186992,467.208201219512
14992,1,210.5,210.5,0.494918699186992,312.541158536585
14993,1,36.13,36.13,0.494918699186992,53.6442378048781
14994,5,960.63,192.126,2.47459349593496,1426.30125
14995,2,233.23,116.615,0.989837398373984,346.289664634146
14996,2,442.29,221.145,0.989837398373984,656.692774390244
14997,4,776.6,194.15,1.97967479674797,1153.06158536585
14998,4,770.73,192.6825,1.97967479674797,1144.34606707317
14999,1,129.48,129.48,0.494918699186992,192.246219512195
15000,1,490.52,490.52,0.494918699186992,728.30256097561
15001,2,230.86,115.43,0.989837398373984,342.770792682927
15002,9,4817.28,535.253333333333,4.45426829268293,7152.48585365854
15003,6,1060.7,176.783333333333,2.96951219512195,1574.88079268293
15004,1,1246.32,1246.32,0.494918699186992,1850.48121951219
15005,56,14106.2,251.896428571429,27.7154471544715,20944.2664634146
15006,2,825.14,412.57,0.989837398373984,1225.13164634146
15007,1,156.91,156.91,0.494918699186992,232.973079268293
15008,2,360,180,0.989837398373984,534.512195121951
15009,3,1261.78,420.593333333333,1.48475609756098,1873.43554878049
15010,1,308.94,308.94,0.494918699186992,458.700548780488
15011,2,416.6,208.3,0.989837398373984,618.549390243903
15012,3,860.62,286.873333333333,1.48475609756098,1277.81079268293
15013,10,1641.3,164.13,4.94918699186992,2436.93018292683
15014,2,260.17,130.085,0.989837398373984,386.288993902439
15015,13,2365.02,181.924615384615,6.43394308943089,3511.47786585366
15016,5,630.3,126.06,2.47459349593496,935.841768292683
15017,1,125.58,125.58,0.494918699186992,186.455670731707
15018,3,607.46,202.486666666667,1.48475609756098,901.92993902439
15019,1,266,266,0.494918699186992,394.945121951219
15020,1,203.42,203.42,0.494918699186992,302.029085365854
15021,12,2783.83,231.985833333333,5.9390243902439,4133.30856707317
15022,5,1186.09,237.218,2.47459349593496,1761.0543597561
15023,20,12170.68,608.534,9.89837398373984,18070.4913414634
15024,16,4075.51,254.719375,7.91869918699187,6051.13832317073
15025,2,1013.09,506.545,0.989837398373984,1504.19155487805
15026,5,1061.61,212.322,2.47459349593496,1576.23192073171
15027,10,3195.6,319.56,4.94918699186992,4744.68658536585
15028,6,1157.71,192.951666666667,2.96951219512195,1718.91698170732
15029,1,365.1,365.1,0.494918699186992,542.084451219512
15030,8,1979.91,247.48875,3.95934959349593,2939.68344512195
15031,14,3156.58,225.47,6.92886178861789,4686.75140243902
15032,8,13780.65,1722.58125,3.95934959349593,20460.9041158537
15033,10,2586.67,258.667,4.94918699186992,3840.57405487805
15034,14,8313.4,593.814285714286,6.92886178861789,12343.3713414634
15035,1,252.73,252.73,0.494918699186992,375.242408536585
15036,3,465.55,155.183333333333,1.48475609756098,691.228201219512
15037,2,402.51,201.255,0.989837398373984,597.629176829268
15038,9,1309.86,145.54,4.45426829268293,1944.82262195122
15039,93,40031.43,430.445483870968,46.0274390243902,59436.9097865854
15040,1,7.49,7.49,0.494918699186992,11.1208231707317
15041,2,294.02,147.01,0.989837398373984,436.547987804878
15042,2,315.45,157.725,0.989837398373984,468.36631097561
15043,6,2873.8,478.966666666667,2.96951219512195,4266.89207317073
15044,35,16204.33,462.980857142857,17.3221544715447,24059.4777743902
15045,2,735.66,367.83,0.989837398373984,1092.27567073171
15046,25,7812.39,312.4956,12.3729674796748,11599.4936890244
15047,1,343.62,343.62,0.494918699186992,510.191890243902
15048,4,482.75,120.6875,1.97967479674797,716.766006097561
15049,1,121.17,121.17,0.494918699186992,179.907896341463
15050,5,4193.79,838.758,2.47459349593496,6226.75527439024
15051,9,3935.16,437.24,4.45426829268293,5842.75280487805
15052,1,215.78,215.78,0.494918699186992,320.380670731707
15053,3,697.79,232.596666666667,1.48475609756098,1036.04795731707
15054,2,302.1,151.05,0.989837398373984,448.544817073171
15055,3,560.07,186.69,1.48475609756098,831.567347560976
15056,1,133.45,133.45,0.494918699186992,198.140701219512
15057,5,3255.96,651.192,2.47459349593496,4834.30646341463
15058,16,3410.03,213.126875,7.91869918699187,5063.06283536585
15059,19,3523.57,185.451052631579,9.40345528455284,5231.64204268293
15060,4,303.09,75.7725,1.97967479674797,450.014725609756
15061,127,137818.52,1085.18519685039,62.854674796748,204626.887926829
15062,8,2585.62,323.2025,3.95934959349593,3839.01506097561
15063,1,370.8,370.8,0.494918699186992,550.54756097561
15064,4,1254.41,313.6025,1.97967479674797,1862.49289634146
15065,5,3326.86,665.372,2.47459349593496,4939.57567073171
15066,1,893.59,893.59,0.494918699186992,1326.76320121951
15067,5,3877.88,775.576,2.47459349593496,5757.70597560976
15068,4,1176.85,294.2125,1.97967479674797,1747.33521341463
15069,1,1109.53,1109.53,0.494918699186992,1647.38143292683
15070,3,843.25,281.083333333333,1.48475609756098,1252.02057926829
15071,4,1455.56,363.89,1.97967479674797,2161.15158536585
15072,1,187.52,187.52,0.494918699186992,278.421463414634
15073,8,2788.02,348.5025,3.95934959349593,4139.52969512195
15074,3,1566.33,522.11,1.48475609756098,2325.61801829268
15075,1,773.03,773.03,0.494918699186992,1147.76100609756
15076,3,1447.74,482.58,1.48475609756098,2149.54079268293
15077,2,2428.08,1214.04,0.989837398373984,3605.10658536585
15078,53,17761.88,335.129811320755,26.2306910569106,26372.0596341463
15079,11,3767.35,342.486363636364,5.44410569105691,5593.59588414634
15080,2,546.25,273.125,0.989837398373984,811.048018292683
15081,12,1965.72,163.81,5.9390243902439,2918.61475609756
15082,1,93.35,93.35,0.494918699186992,138.601981707317
15083,1,88.2,88.2,0.494918699186992,130.955487804878
15084,2,965.2,482.6,0.989837398373984,1433.08658536585
15085,1,347.54,347.54,0.494918699186992,516.012134146341
15086,2,218.53,109.265,0.989837398373984,324.46375
15087,1,306.94,306.94,0.494918699186992,455.731036585366
15088,2,1160.07,580.035,0.989837398373984,1722.42100609756
15089,6,2420.84,403.473333333333,2.96951219512195,3594.35695121951
15090,1,381.32,381.32,0.494918699186992,566.167195121951
15091,3,1046.61,348.87,1.48475609756098,1553.96057926829
15092,3,776.46,258.82,1.48475609756098,1152.8537195122
15093,23,14326.11,622.874347826087,11.3831300813008,21270.7791768293
15094,2,83,41.5,0.989837398373984,123.234756097561
15095,10,3141.64,314.164,4.94918699186992,4664.56914634146
15096,1,219.39,219.39,0.494918699186992,325.740640243902
15097,3,908.35,302.783333333333,1.48475609756098,1348.67820121951
15098,3,39916.5,13305.5,1.48475609756098,59266.2667682927
15099,1,410.48,410.48,0.494918699186992,609.462682926829
15100,7,2894.7,413.528571428571,3.46443089430894,4297.92347560976
15101,6,1477.94,246.323333333333,2.96951219512195,2194.38042682927
15102,2,554.67,277.335,0.989837398373984,823.549664634146
15103,2,703.36,351.68,0.989837398373984,1044.31804878049
15104,2,1027.44,513.72,0.989837398373984,1525.49780487805
15105,9,3094.91,343.878888888889,4.45426829268293,4595.18649390244
15106,5,1422.52,284.504,2.47459349593496,2112.09524390244
15107,9,940.35,104.483333333333,4.45426829268293,1396.19039634146
15108,4,1300.25,325.0625,1.97967479674797,1930.55411585366
15109,3,983.1,327.7,1.48475609756098,1459.6637195122
15110,6,1505.85,250.975,2.96951219512195,2235.8199695122
15111,5,2730.87,546.174,2.47459349593496,4054.67588414634
15112,1,209.4,209.4,0.494918699186992,310.907926829268
15113,3,3609.33,1203.11,1.48475609756098,5358.97472560976
15114,12,3400.12,283.343333333333,5.9390243902439,5048.34890243902
15115,2,531.85,265.925,0.989837398373984,789.667530487805
15116,4,1352.75,338.1875,1.97967479674797,2008.50381097561
15117,8,2485.97,310.74625,3.95934959349593,3691.05911585366
15118,1,244.8,244.8,0.494918699186992,363.468292682927
15119,1,266.4,266.4,0.494918699186992,395.539024390244
15120,1,358.82,358.82,0.494918699186992,532.760182926829
15121,2,457.72,228.86,0.989837398373984,679.60256097561
15122,11,4497.47,408.860909090909,5.44410569105691,6677.64600609756
15123,5,4656.17,931.234,2.47459349593496,6913.27679878049
15124,4,450.82,112.705,1.97967479674797,669.357743902439
15125,24,17024.87,709.369583333333,11.8780487804878,25277.7795426829
15126,2,449.49,224.745,0.989837398373984,667.383018292683
15127,2,711.5,355.75,0.989837398373984,1056.40396341463
15128,5,1783.68,356.736,2.47459349593496,2648.32975609756
15129,23,6860.18,298.268695652174,11.3831300813008,10185.6940853659
15130,1,330.11,330.11,0.494918699186992,490.132835365854
15131,1,80.28,80.28,0.494918699186992,119.196219512195
15132,5,977.93,195.586,2.47459349593496,1451.9875304878
15133,5,1806.9,361.38,2.47459349593496,2682.80579268293
15134,10,1596.29,159.629,4.94918699186992,2370.10131097561
15135,2,305.68,152.84,0.989837398373984,453.860243902439
15136,4,1286.7,321.675,1.97967479674797,1910.43567073171
15137,2,823.4,411.7,0.989837398373984,1222.54817073171
15138,1,502.52,502.52,0.494918699186992,746.119634146341
15139,2,178.96,89.48,0.989837398373984,265.711951219512
15140,8,3243.69,405.46125,3.95934959349593,4816.08850609756
15141,7,1388.47,198.352857142857,3.46443089430894,2061.53929878049
15142,6,2619.92,436.653333333333,2.96951219512195,3889.94219512195
15143,2,563.63,281.815,0.989837398373984,836.853079268293
15144,29,12160.31,419.321034482759,14.3526422764228,18055.0944207317
15145,4,1194.73,298.6825,1.97967479674797,1773.88265243902
15146,2,1327.16,663.58,0.989837398373984,1970.50890243902
15147,1,623.5,623.5,0.494918699186992,925.745426829268
15148,1,301.29,301.29,0.494918699186992,447.342164634146
15149,5,1554.61,310.922,2.47459349593496,2308.21667682927
15150,13,9001.08,692.390769230769,6.43394308943089,13364.4084146341
15151,2,2085.61,1042.805,0.989837398373984,3096.62216463415
15152,14,5263.83,375.987857142857,6.92886178861789,7815.50368902439
15153,1,329.25,329.25,0.494918699186992,488.855945121951
15154,3,1388.41,462.803333333333,1.48475609756098,2061.45021341463
15155,1,383.97,383.97,0.494918699186992,570.101798780488
15156,3,961.49,320.496666666667,1.48475609756098,1427.5781402439
15157,5,2654.11,530.822,2.47459349593496,3940.70600609756
15158,2,606.02,303.01,0.989837398373984,899.791890243902
15159,34,22116.73,650.492058823529,16.8272357723577,32837.9497256098
15160,4,589.27,147.3175,1.97967479674797,874.922225609756
15161,1,119.92,119.92,0.494918699186992,178.051951219512
15162,1,312.9,312.9,0.494918699186992,464.580182926829
15163,2,304.47,152.235,0.989837398373984,452.06368902439
15164,9,2068.92,229.88,4.45426829268293,3071.84158536585
15165,1,975.5,975.5,0.494918699186992,1448.37957317073
15166,1,167.16,167.16,0.494918699186992,248.191829268293
15167,5,1659.67,331.934,2.47459349593496,2464.20515243902
15168,1,106.56,106.56,0.494918699186992,158.215609756098
15169,2,569.22,284.61,0.989837398373984,845.152865853658
15170,1,81.15,81.15,0.494918699186992,120.487957317073
15171,1,1289.5,1289.5,0.494918699186992,1914.59298780488
15172,5,1624.05,324.81,2.47459349593496,2411.3181402439
15173,7,1494.6,213.514285714286,3.46443089430894,2219.11646341463
15174,2,481.46,240.73,0.989837398373984,714.850670731707
15175,1,224.14,224.14,0.494918699186992,332.793231707317
15176,1,988.04,988.04,0.494918699186992,1466.99841463415
15177,1,948.93,948.93,0.494918699186992,1408.92960365854
15178,1,40.5,40.5,0.494918699186992,60.1326219512195
15179,13,7491.92,576.301538461538,6.43394308943089,11123.673902439
15180,3,904.43,301.476666666667,1.48475609756098,1342.85795731707
15181,5,1200.2,240.04,2.47459349593496,1782.00426829268
15182,11,2998.952,272.632,5.44410569105691,4452.71226829268
15183,3,639.93,213.31,1.48475609756098,950.139969512195
15184,4,689.95,172.4875,1.97967479674797,1024.4074695122
15185,1,310.62,310.62,0.494918699186992,461.19493902439
15186,5,1403.2,280.64,2.47459349593496,2083.40975609756
15187,16,4777.18,298.57375,7.91869918699187,7092.94713414634
15188,1,310.43,310.43,0.494918699186992,460.912835365854
15189,46,17524.38,380.964782608696,22.7662601626016,26019.4300609756
15190,1,834.44,834.44,0.494918699186992,1238.93987804878
15191,3,588.05,196.016666666667,1.48475609756098,873.110823170731
15192,5,1981.39,396.278,2.47459349593496,2941.88088414634
15193,1,499.32,499.32,0.494918699186992,741.368414634146
15194,28,12427.69,443.846071428571,13.8577235772358,18452.0885060976
15195,1,3861,3861,0.494918699186992,5732.64329268293
15196,2,316.25,158.125,0.989837398373984,469.554115853658
15197,6,1877.51,312.918333333333,2.96951219512195,2787.64442073171
15198,5,571.35,114.27,2.47459349593496,848.315396341463
15199,10,3122.4,312.24,4.94918699186992,4636.00243902439
15200,1,549.05,549.05,0.494918699186992,815.205335365853
15201,7,1842.95,263.278571428571,3.46443089430894,2736.33125
15202,3,6001.49,2000.49666666667,1.48475609756098,8910.74887195122
15203,15,4400.18,293.345333333333,7.42378048780488,6533.19408536585
15204,1,316.58,316.58,0.494918699186992,470.044085365854
15205,2,653.24,326.62,0.989837398373984,969.902073170732
15206,4,420.3,105.075,1.97967479674797,624.042987804878
15207,3,683.92,227.973333333333,1.48475609756098,1015.4543902439
15208,6,970.52,161.753333333333,2.96951219512195,1440.98548780488
15209,1,178.98,178.98,0.494918699186992,265.741646341463
15210,3,1176.19,392.063333333333,1.48475609756098,1746.35527439024
15211,2,1277.48,638.74,0.989837398373984,1896.7462195122
15212,2,208.28,104.14,0.989837398373984,309.245
15213,2,328.35,164.175,0.989837398373984,487.519664634146
15214,8,1661.44,207.68,3.95934959349593,2466.83317073171
15215,7,2422.43,346.061428571429,3.46443089430894,3596.71771341463
15216,2,486.09,243.045,0.989837398373984,721.725091463415
15217,1,426.24,426.24,0.494918699186992,632.86243902439
15218,22,11516.57,523.480454545455,10.8882113821138,17099.2975304878
15219,2,685.45,342.725,0.989837398373984,1017.72606707317
15220,6,1778.96,296.493333333333,2.96951219512195,2641.32170731707
15221,4,2465.45,616.3625,1.97967479674797,3660.59192073171
15222,11,3550.91,322.81,5.44410569105691,5272.23527439024
15223,5,1417.95,283.59,2.47459349593496,2105.30990853659
15224,5,871.36,174.272,2.47459349593496,1293.75707317073
15225,1,409.4,409.4,0.494918699186992,607.859146341463
15226,1,154.41,154.41,0.494918699186992,229.26118902439
15227,9,2488.49,276.498888888889,4.45426829268293,3694.80070121951
15228,6,5580.27,930.045,2.96951219512195,8285.33990853659
15229,1,160.5,160.5,0.494918699186992,238.303353658537
15230,2,429.6,214.8,0.989837398373984,637.851219512195
15231,1,250.26,250.26,0.494918699186992,371.57506097561
15232,2,612.06,306.03,0.989837398373984,908.759817073171
15233,1,59.4,59.4,0.494918699186992,88.1945121951219
15234,1,197,197,0.494918699186992,292.496951219512
15235,16,2937.81,183.613125,7.91869918699187,4361.93131097561
15236,1,321.05,321.05,0.494918699186992,476.680945121951
15237,4,1412.32,353.08,1.97967479674797,2096.95073170732
15238,3,1071.99,357.33,1.48475609756098,1591.64368902439
15239,2,780.59,390.295,0.989837398373984,1158.98576219512
15240,12,4459.98,371.665,5.9390243902439,6621.9825
15241,11,3050.16,277.287272727273,5.44410569105691,4528.74365853658
15242,1,302.04,302.04,0.494918699186992,448.455731707317
15243,2,927.28,463.64,0.989837398373984,1376.78463414634
15244,3,912.08,304.026666666667,1.48475609756098,1354.21634146341
15245,8,4610.84,576.355,3.95934959349593,6845.97280487805
15246,3,780.4,260.133333333333,1.48475609756098,1158.70365853659
15247,3,976.06,325.353333333333,1.48475609756098,1449.21103658537
15248,3,1893.93,631.31,1.48475609756098,2812.02411585366
15249,18,9266,514.777777777778,8.90853658536585,13757.75
15250,1,60,60,0.494918699186992,89.0853658536585
15251,21,20324.54,967.835238095238,10.3932926829268,30176.984695122
15252,5,2103.41,420.682,2.47459349593496,3123.05082317073
15253,8,2055.09,256.88625,3.95934959349593,3051.30740853659
15254,3,1088.35,362.783333333333,1.48475609756098,1615.93429878049
15255,9,3729.42,414.38,4.45426829268293,5537.27908536585
15256,2,170.4,85.2,0.989837398373984,253.00243902439
15257,2,685.9,342.95,0.989837398373984,1018.39420731707
15258,2,623.16,311.58,0.989837398373984,925.240609756097
15259,4,1182.38,295.595,1.97967479674797,1755.54591463415
15260,25,9188.23,367.5292,12.3729674796748,13642.2805182927
15261,4,1508,377,1.97967479674797,2239.01219512195
15262,3,418.82,139.606666666667,1.48475609756098,621.845548780488
15263,1,156.51,156.51,0.494918699186992,232.379176829268
15264,2,848.4,424.2,0.989837398373984,1259.66707317073
15265,4,3345.64,836.41,1.97967479674797,4967.4593902439
15266,5,852.21,170.442,2.47459349593496,1265.32399390244
15267,5,1717.36,343.472,2.47459349593496,2549.86073170732
15268,3,961.9,320.633333333333,1.48475609756098,1428.1868902439
15269,3,1225.36,408.453333333333,1.48475609756098,1819.36073170732
15270,21,8524.86,405.945714285714,10.3932926829268,12657.3378658537
15271,24,4709.54,196.230833333333,11.8780487804878,6992.51823170732
15272,6,2085.48,347.58,2.96951219512195,3096.42914634146
15273,1,228.96,228.96,0.494918699186992,339.949756097561
15274,2,716.57,358.285,0.989837398373984,1063.93167682927
15275,1,615.14,615.14,0.494918699186992,913.332865853659
15276,4,649.53,162.3825,1.97967479674797,964.39362804878
15277,2,476.34,238.17,0.989837398373984,707.248719512195
15278,4,496.16,124.04,1.97967479674797,736.676585365854
15279,5,1580.54,316.108,2.47459349593496,2346.71640243902
15280,3,406.22,135.406666666667,1.48475609756098,603.137621951219
15281,16,8543.57,533.973125,7.91869918699187,12685.117652439
15282,1,348.59,348.59,0.494918699186992,517.57112804878
15283,3,148.33,49.4433333333333,1.48475609756098,220.233871951219
15284,1,24.75,24.75,0.494918699186992,36.7477134146341
15285,1,94.92,94.92,0.494918699186992,140.933048780488
15286,1,240.55,240.55,0.494918699186992,357.158079268293
15287,5,856.03,171.206,2.47459349593496,1270.99576219512
15288,10,3883.13,388.313,4.94918699186992,5765.50094512195
15289,5,1593.09,318.618,2.47459349593496,2365.35009146341
15290,26,10496.28,403.703076923077,12.8678861788618,15584.4157317073
15291,40,13846.56,346.164,19.7967479674797,20558.7643902439
15292,1,180.94,180.94,0.494918699186992,268.651768292683
15293,1,247.5,247.5,0.494918699186992,367.477134146341
15294,1,233.35,233.35,0.494918699186992,346.467835365854
15295,1,217.24,217.24,0.494918699186992,322.548414634146
15296,12,10342.83,861.9025,5.9390243902439,15356.5799085366
15297,3,641.94,213.98,1.48475609756098,953.124329268293
15298,23,9459.37,411.276956521739,11.3831300813008,14044.8572865854
15299,10,7991.54,799.154,4.94918699186992,11865.4877439024
15300,1,496.44,496.44,0.494918699186992,737.092317073171
15301,17,7603.44,447.261176470588,8.41361788617886,11289.253902439
15302,1,308,308,0.494918699186992,457.30487804878
15303,3,1224.18,408.06,1.48475609756098,1817.60871951219
15304,9,919.55,102.172222222222,4.45426829268293,1365.3074695122
15305,1,93.6,93.6,0.494918699186992,138.973170731707
15306,9,3484.73,387.192222222222,4.45426829268293,5173.97411585366
15307,1,205.3,205.3,0.494918699186992,304.820426829268
15308,1,310.47,310.47,0.494918699186992,460.972225609756
15309,4,797.96,199.49,1.97967479674797,1184.77597560976
15310,1,1634.64,1634.64,0.494918699186992,2427.04170731707
15311,208,116771.16,561.399807692308,102.943089430894,173376.691829268
15312,12,2930.19,244.1825,5.9390243902439,4350.6174695122
15313,1,52,52,0.494918699186992,77.2073170731707
15314,3,820.45,273.483333333333,1.48475609756098,1218.1681402439
15315,2,570.5,285.25,0.989837398373984,847.053353658536
15316,1,165,165,0.494918699186992,244.984756097561
15317,1,129.75,129.75,0.494918699186992,192.647103658537
15318,1,312.62,312.62,0.494918699186992,464.164451219512
15319,1,204.5,204.5,0.494918699186992,303.63262195122
15320,1,267.13,267.13,0.494918699186992,396.622896341463
15321,12,6709.73,559.144166666667,5.9390243902439,9962.3125304878
15322,2,1390.86,695.43,0.989837398373984,2065.08786585366
15323,3,434.6,144.866666666667,1.48475609756098,645.275
15324,1,140.22,140.22,0.494918699186992,208.1925
15325,8,1602.01,200.25125,3.95934959349593,2378.59411585366
15326,5,1700.52,340.104,2.47459349593496,2524.85743902439
15327,1,208.75,208.75,0.494918699186992,309.942835365854
15328,1,107.24,107.24,0.494918699186992,159.225243902439
15329,11,2984.33,271.302727272727,5.44410569105691,4431.00216463415
15330,2,714.96,357.48,0.989837398373984,1061.5412195122
15331,3,767.91,255.97,1.48475609756098,1140.15905487805
15332,6,6553.74,1092.29,2.96951219512195,9730.70542682927
15333,1,1028.56,1028.56,0.494918699186992,1527.16073170732
15334,3,351.67,117.223333333333,1.48475609756098,522.144176829268
15335,1,173.97,173.97,0.494918699186992,258.303018292683
15336,1,240.5,240.5,0.494918699186992,357.083841463415
15337,1,373.02,373.02,0.494918699186992,553.843719512195
15338,1,283.43,283.43,0.494918699186992,420.824420731707
15339,7,1827.84,261.12,3.46443089430894,2713.89658536585
15340,1,105.5,105.5,0.494918699186992,156.641768292683
15341,2,2402.72,1201.36,0.989837398373984,3567.45317073171
15342,1,406.09,406.09,0.494918699186992,602.944603658536
15343,1,364.5,364.5,0.494918699186992,541.193597560976
15344,3,563.94,187.98,1.48475609756098,837.313353658537
15345,1,393.54,393.54,0.494918699186992,584.310914634146
15346,3,596.12,198.706666666667,1.48475609756098,885.092804878049
15347,4,1363.6,340.9,1.97967479674797,2024.61341463415
15348,1,158.04,158.04,0.494918699186992,234.650853658537
15349,2,473.81,236.905,0.989837398373984,703.492286585366
15350,2,663.25,331.625,0.989837398373984,984.764481707317
15351,10,3738.29,373.829,4.94918699186992,5550.44887195122
15352,1,114.95,114.95,0.494918699186992,170.672713414634
15353,7,3175.95,453.707142857143,3.46443089430894,4715.51112804878
15354,3,284.4,94.8,1.48475609756098,422.264634146341
15355,2,277.05,138.525,0.989837398373984,411.351676829268
15356,13,3464.95,266.534615384615,6.43394308943089,5144.6056402439
15358,42,17050.41,405.962142857143,20.7865853658537,25315.7002134146
15359,8,181.35,22.66875,3.95934959349593,269.260518292683
15360,1,427.93,427.93,0.494918699186992,635.371676829268
15361,4,689.07,172.2675,1.97967479674797,1023.10088414634
15362,2,613.08,306.54,0.989837398373984,910.274268292683
15363,2,1004.11,502.055,0.989837398373984,1490.85844512195
15364,2,913.19,456.595,0.989837398373984,1355.86442073171
15365,13,4557.13,350.548461538462,6.43394308943089,6766.22655487805
15366,7,2389.08,341.297142857143,3.46443089430894,3547.20109756097
15367,11,5081.33,461.939090909091,5.44410569105691,7544.53570121951
15368,2,722.74,361.37,0.989837398373984,1073.09262195122
15369,11,6251.26,568.296363636364,5.44410569105691,9281.59640243903
15370,8,3739.01,467.37625,3.95934959349593,5551.51789634146
15371,1,59.4,59.4,0.494918699186992,88.1945121951219
15372,8,6017.06,752.1325,3.95934959349593,8933.86652439024
15373,17,3421.39,201.258235294118,8.41361788617886,5079.92966463415
15374,2,307.32,153.66,0.989837398373984,456.295243902439
15375,1,60.96,60.96,0.494918699186992,90.5107317073171
15376,3,1233.36,411.12,1.48475609756098,1831.2387804878
15377,4,1211.75,302.9375,1.97967479674797,1799.15320121951
15378,2,246.5,123.25,0.989837398373984,365.99237804878
15379,8,4877.84,609.73,3.95934959349593,7242.40268292683
15380,11,3479.06,316.278181818182,5.44410569105691,5165.55554878049
15381,5,1890.57,378.114,2.47459349593496,2807.03533536585
15382,12,13733.55,1144.4625,5.9390243902439,20390.9721036585
15384,4,2027.79,506.9475,1.97967479674797,3010.77356707317
15385,3,942.08,314.026666666667,1.48475609756098,1398.75902439024
15386,1,394.14,394.14,0.494918699186992,585.201768292683
15387,1,468.65,468.65,0.494918699186992,695.830945121951
15388,1,140.54,140.54,0.494918699186992,208.667621951219
15389,5,2733.8,546.76,2.47459349593496,4059.02621951219
15390,2,1216.66,608.33,0.989837398373984,1806.44335365854
15391,1,289.87,289.87,0.494918699186992,430.38625
15392,7,2911.62,415.945714285714,3.46443089430894,4323.04554878049
15393,5,891.34,178.268,2.47459349593496,1323.4225
15394,11,5286.8,480.618181818182,5.44410569105691,7849.60853658537
15395,1,107.45,107.45,0.494918699186992,159.537042682927
15396,2,796.38,398.19,0.989837398373984,1182.43006097561
15397,1,94,94,0.494918699186992,139.567073170732
15398,2,1345.53,672.765,0.989837398373984,1997.78387195122
15399,3,815.77,271.923333333333,1.48475609756098,1211.21948170732
15400,8,1302.3,162.7875,3.95934959349593,1933.59786585366
15401,2,216.95,108.475,0.989837398373984,322.117835365854
15402,6,1830.54,305.09,2.96951219512195,2717.90542682927
15403,2,170.88,85.44,0.989837398373984,253.715121951219
15404,1,257.06,257.06,0.494918699186992,381.671402439024
15405,2,659.84,329.92,0.989837398373984,979.701463414634
15406,4,975.87,243.9675,1.97967479674797,1448.92893292683
15407,4,1056.44,264.11,1.97967479674797,1568.55573170732
15408,1,267.18,267.18,0.494918699186992,396.697134146341
15409,1,131.25,131.25,0.494918699186992,194.874237804878
15410,10,4685.72,468.572,4.94918699186992,6957.15134146341
15411,4,1358.88,339.72,1.97967479674797,2017.60536585366
15412,1,190.53,190.53,0.494918699186992,282.890579268293
15413,5,6798.72,1359.744,2.47459349593496,10094.4409756098
15414,3,774.9,258.3,1.48475609756098,1150.5375
15415,1,572.81,572.81,0.494918699186992,850.483140243903
15416,7,4572.82,653.26,3.46443089430894,6789.52237804878
15417,1,508.8,508.8,0.494918699186992,755.443902439024
15418,2,452.32,226.16,0.989837398373984,671.58487804878
15419,1,135.86,135.86,0.494918699186992,201.718963414634
15420,6,743,123.833333333333,2.96951219512195,1103.1737804878
15421,10,3805.34,380.534,4.94918699186992,5650.00176829268
15422,7,1619.97,231.424285714286,3.46443089430894,2405.26033536585
15423,3,266.89,88.9633333333333,1.48475609756098,396.266554878049
15424,3,597.78,199.26,1.48475609756098,887.5575
15425,4,1944.57,486.1425,1.97967479674797,2887.21216463415
15426,9,2615.39,290.598888888889,4.45426829268293,3883.21625
15427,3,1483.14,494.38,1.48475609756098,2202.10115853659
15428,4,762.75,190.6875,1.97967479674797,1132.49771341463
15429,2,397.35,198.675,0.989837398373984,589.967835365854
15430,2,954.75,477.375,0.989837398373984,1417.57088414634
15431,1,153.24,153.24,0.494918699186992,227.524024390244
15432,2,320.76,160.38,0.989837398373984,476.250365853658
15433,2,533.3,266.65,0.989837398373984,791.820426829268
15434,11,2567.06,233.369090909091,5.44410569105691,3811.45798780488
15435,1,149.29,149.29,0.494918699186992,221.659237804878
15436,3,1122.53,374.176666666667,1.48475609756098,1666.68326219512
15437,2,393.45,196.725,0.989837398373984,584.177286585366
15438,1,156.58,156.58,0.494918699186992,232.483109756098
15439,4,1269.05,317.2625,1.97967479674797,1884.22972560976
15440,3,383.68,127.893333333333,1.48475609756098,569.671219512195
15441,3,1254.21,418.07,1.48475609756098,1862.19594512195
15442,1,594,594,0.494918699186992,881.945121951219
15443,14,5175.93,369.709285714286,6.92886178861789,7684.99362804878
15444,2,1418.26,709.13,0.989837398373984,2105.77018292683
15445,2,284.5,142.25,0.989837398373984,422.413109756097
15446,3,406.95,135.65,1.48475609756098,604.221493902439
15447,5,492.88,98.576,2.47459349593496,731.806585365853
15448,2,788.81,394.405,0.989837398373984,1171.19045731707
15449,3,974.52,324.84,1.48475609756098,1446.92451219512
15450,1,429.84,429.84,0.494918699186992,638.20756097561
15451,2,233.21,116.605,0.989837398373984,346.259969512195
15452,6,1799.11,299.851666666667,2.96951219512195,2671.23954268293
15453,7,1388.37,198.338571428571,3.46443089430894,2061.39082317073
15454,2,307.69,153.845,0.989837398373984,456.844603658537
15455,1,38.25,38.25,0.494918699186992,56.7919207317073
15456,10,2119.27,211.927,4.94918699186992,3146.59905487805
15457,1,237.07,237.07,0.494918699186992,351.99112804878
15458,2,370.44,185.22,0.989837398373984,550.013048780488
15459,2,202.83,101.415,0.989837398373984,301.153079268293
15460,1,216.76,216.76,0.494918699186992,321.835731707317
15461,2,429.7,214.85,0.989837398373984,637.999695121951
15462,4,737.05,184.2625,1.97967479674797,1094.33948170732
15463,1,126.14,126.14,0.494918699186992,187.287134146341
15464,1,1048.85,1048.85,0.494918699186992,1557.28643292683
15465,32,12655.65,395.4890625,15.8373983739837,18790.5535060976
15466,4,1571.01,392.7525,1.97967479674797,2332.56667682927
15467,3,524.88,174.96,1.48475609756098,779.318780487805
15468,3,1430.48,476.826666666667,1.48475609756098,2123.91390243902
15469,3,874.25,291.416666666667,1.48475609756098,1298.04801829268
15470,1,63.42,63.42,0.494918699186992,94.1632317073171
15471,3,1316.56,438.853333333333,1.48475609756098,1954.77048780488
15472,1,371.56,371.56,0.494918699186992,551.675975609756
15473,8,2046,255.75,3.95934959349593,3037.81097560976
15474,1,163.1,163.1,0.494918699186992,242.163719512195
15475,1,454.11,454.11,0.494918699186992,674.242591463415
15476,4,2209.98,552.495,1.97967479674797,3281.2812804878
15477,1,368.4,368.4,0.494918699186992,546.984146341463
15478,3,2024.98,674.993333333333,1.48475609756098,3006.60140243902
15479,1,147.4,147.4,0.494918699186992,218.853048780488
15480,5,6279,1255.8,2.47459349593496,9322.78353658536
15481,1,1993.34,1993.34,0.494918699186992,2959.62371951219
15482,19,14592.56,768.029473684211,9.40345528455284,21666.3924390244
15483,10,862.2,86.22,4.94918699186992,1280.15670731707
15484,6,4656,776,2.96951219512195,6913.0243902439
15485,7,5771.51,824.501428571429,3.46443089430894,8569.28466463415
15486,1,102,102,0.494918699186992,151.44512195122
15487,1,231.32,231.32,0.494918699186992,343.453780487805
15488,5,431.92,86.384,2.47459349593496,641.295853658536
15489,8,2419.61,302.45125,3.95934959349593,3592.53070121951
15490,1,217.6,217.6,0.494918699186992,323.082926829268
15491,6,3100.09,516.681666666667,2.96951219512195,4602.87753048781
15492,2,659.46,329.73,0.989837398373984,979.137256097561
15493,9,4314.98,479.442222222222,4.45426829268293,6406.69286585366
15494,5,3780.05,756.01,2.47459349593496,5612.45228658537
15495,1,246.5,246.5,0.494918699186992,365.99237804878
15496,1,146.14,146.14,0.494918699186992,216.982256097561
15497,9,8657.39,961.932222222222,4.45426829268293,12854.1125914634
15498,44,26039.58,591.808636363636,21.7764227642276,38662.4251829268
15499,1,161.6,161.6,0.494918699186992,239.936585365854
15500,4,1131.56,282.89,1.97967479674797,1680.0906097561
15501,2,402.5,201.25,0.989837398373984,597.614329268293
15502,14,13993.47,999.533571428571,6.92886178861789,20776.8899085366
15503,2,267.15,133.575,0.989837398373984,396.652591463415
15504,4,423.85,105.9625,1.97967479674797,629.313871951219
15505,5,3610.96,722.192,2.47459349593496,5361.39487804878
15506,6,2040.03,340.005,2.96951219512195,3028.94698170732
15507,1,492.36,492.36,0.494918699186992,731.034512195122
15508,6,1000.27,166.711666666667,2.96951219512195,1485.15698170732
15509,1,166.51,166.51,0.494918699186992,247.226737804878
15510,1,250,250,0.494918699186992,371.189024390244
15511,5,909.23,181.846,2.47459349593496,1349.98478658537
15512,4,331.58,82.895,1.97967479674797,492.315426829268
15513,35,27750.55,792.872857142857,17.3221544715447,41202.7983231707
15514,18,6598.55,366.586111111111,8.90853658536585,9797.23734756097
15515,1,171.81,171.81,0.494918699186992,255.095945121951
15516,3,62.43,20.81,1.48475609756098,92.6933231707317
15517,1,267.03,267.03,0.494918699186992,396.474420731707
15518,15,4218.94,281.262666666667,7.42378048780488,6264.0968902439
15519,2,344.61,172.305,0.989837398373984,511.661798780488
15520,1,343.5,343.5,0.494918699186992,510.013719512195
15521,16,7106.69,444.168125,7.91869918699187,10551.7013109756
15522,2,398.84,199.42,0.989837398373984,592.180121951219
15523,16,17359.99,1084.999375,7.91869918699187,25775.3510060976
15524,2,591.4,295.7,0.989837398373984,878.084756097561
15525,4,1295.7,323.925,1.97967479674797,1923.79847560976
15526,2,148.44,74.22,0.989837398373984,220.397195121951
15527,23,5575.64,242.419130434783,11.3831300813008,8278.46548780488
15528,1,229.33,229.33,0.494918699186992,340.499115853659
15529,12,5111.95,425.995833333333,5.9390243902439,7589.99893292683
15530,5,1813.72,362.744,2.47459349593496,2692.93182926829
15531,2,2007.44,1003.72,0.989837398373984,2980.55878048781
15532,10,3771.9,377.19,4.94918699186992,5600.35152439024
15533,3,807.57,269.19,1.48475609756098,1199.04448170732
15534,1,162.25,162.25,0.494918699186992,240.901676829268
15535,6,1087.82,181.303333333333,2.96951219512195,1615.14737804878
15536,1,259.09,259.09,0.494918699186992,384.685457317073
15537,1,110.92,110.92,0.494918699186992,164.689146341463
15538,6,3358.4,559.733333333333,2.96951219512195,4986.40487804878
15539,1,538.46,538.46,0.494918699186992,799.481768292683
15540,2,460.68,230.34,0.989837398373984,683.99743902439
15541,1,85.13,85.13,0.494918699186992,126.397286585366
15542,3,918.45,306.15,1.48475609756098,1363.67423780488
15543,2,242.84,121.42,0.989837398373984,360.558170731707
15544,20,8162.43,408.1215,9.89837398373984,12119.2177134146
15545,2,428.05,214.025,0.989837398373984,635.549847560976
15546,2,1079.1,539.55,0.989837398373984,1602.20030487805
15547,26,10154.39,390.553461538462,12.8678861788618,15076.7924695122
15548,1,158.09,158.09,0.494918699186992,234.725091463415
15549,8,2345.96,293.245,3.95934959349593,3483.17841463415
15550,12,2218.8,184.9,5.9390243902439,3294.37682926829
15551,7,1710.08,244.297142857143,3.46443089430894,2539.05170731707
15552,2,252.52,126.26,0.989837398373984,374.930609756098
15553,1,437.23,437.23,0.494918699186992,649.179908536585
15554,1,217.2,217.2,0.494918699186992,322.489024390244
15555,36,12112.35,336.454166666667,17.8170731707317,17983.8855182927
15556,1,279.77,279.77,0.494918699186992,415.390213414634
15557,1,473.65,473.65,0.494918699186992,703.254725609756
15558,1,214.13,214.13,0.494918699186992,317.930823170732
15559,1,1109.4,1109.4,0.494918699186992,1647.18841463415
15560,2,153.52,76.76,0.989837398373984,227.939756097561
15561,8,1934.39,241.79875,3.95934959349593,2872.09734756098
15562,3,673.38,224.46,1.48475609756098,999.80506097561
15563,7,2867,409.571428571429,3.46443089430894,4256.79573170732
15564,2,70.74,35.37,0.989837398373984,105.031646341463
15565,2,173.16,86.58,0.989837398373984,257.100365853659
15566,2,227.87,113.935,0.989837398373984,338.331371951219
15567,1,186.01,186.01,0.494918699186992,276.179481707317
15568,3,758.29,252.763333333333,1.48475609756098,1125.87570121951
15569,10,3586.35,358.635,4.94918699186992,5324.8550304878
15570,25,9311.04,372.4416,12.3729674796748,13824.6234146341
15571,14,4051.63,289.402142857143,6.92886178861789,6015.68234756097
15572,10,4068.67,406.867,4.94918699186992,6040.98259146341
15573,5,1207.18,241.436,2.47459349593496,1792.36786585366
15574,6,1518.7,253.116666666667,2.96951219512195,2254.89908536585
15575,1,30.1,30.1,0.494918699186992,44.6911585365854
15576,1,940.67,940.67,0.494918699186992,1396.66551829268
15577,5,397.98,79.596,2.47459349593496,590.903231707317
15578,1,127.1,127.1,0.494918699186992,188.7125
15579,5,1302.5,260.5,2.47459349593496,1933.89481707317
15580,8,1381.19,172.64875,3.95934959349593,2050.73027439024
15581,38,7794.59,205.120789473684,18.8069105691057,11573.0650304878
15582,3,682.91,227.636666666667,1.48475609756098,1013.95478658537
15583,1,107.86,107.86,0.494918699186992,160.145792682927
15584,6,1277.5,212.916666666667,2.96951219512195,1896.77591463415
15585,1,455.3,455.3,0.494918699186992,676.009451219512
15586,3,1139.1,379.7,1.48475609756098,1691.28567073171
15587,7,1522.08,217.44,3.46443089430894,2259.91756097561
15588,1,579.6,579.6,0.494918699186992,860.564634146341
15589,3,478.53,159.51,1.48475609756098,710.500335365854
15590,5,1496.6,299.32,2.47459349593496,2222.08597560976
15591,3,217.9,72.6333333333333,1.48475609756098,323.528353658537
15592,1,388.58,388.58,0.494918699186992,576.946524390244
15593,1,199.8,199.8,0.494918699186992,296.654268292683
15594,5,1771.78,354.356,2.47459349593496,2630.66115853658
15595,1,357.6,357.6,0.494918699186992,530.948780487805
15596,9,3130.04,347.782222222222,4.45426829268293,4647.34597560976
15597,2,563.37,281.685,0.989837398373984,836.467042682927
15598,2,548.02,274.01,0.989837398373984,813.676036585366
15599,3,1250.06,416.686666666667,1.48475609756098,1856.03420731707
15600,4,1199.31,299.8275,1.97967479674797,1780.68283536585
15601,30,14960.12,498.670666666667,14.8475609756098,22212.1293902439
15602,16,3230.51,201.906875,7.91869918699187,4796.51942073171
15603,2,88.48,44.24,0.989837398373984,131.371219512195
15604,1,216.39,216.39,0.494918699186992,321.286371951219
15605,9,1936.8,215.2,4.45426829268293,2875.6756097561
15606,17,5230.99,307.705294117647,8.41361788617886,7766.74429878049
15607,9,1708.97,189.885555555556,4.45426829268293,2537.40362804878
15608,5,1785.98,357.196,2.47459349593496,2651.74469512195
15609,1,298.48,298.48,0.494918699186992,443.17
15610,1,112.46,112.46,0.494918699186992,166.975670731707
15611,26,2997.28,115.28,12.8678861788618,4450.22975609756
15612,2,195.15,97.575,0.989837398373984,289.750152439024
15613,1,433.72,433.72,0.494918699186992,643.968414634146
15614,4,3147.36,786.84,1.97967479674797,4673.06195121951
15615,47,21373.97,454.765319148936,23.2611788617886,31735.1322865854
15616,1,317.11,317.11,0.494918699186992,470.831006097561
15617,3,828.55,276.183333333333,1.48475609756098,1230.19466463415
15618,4,776.851,194.21275,1.97967479674797,1153.43425914634
15619,1,336.4,336.4,0.494918699186992,499.471951219512
15620,4,1942.36,485.59,1.97967479674797,2883.93085365854
15621,4,1293.03,323.2575,1.97967479674797,1919.83417682927
15622,17,7852.61,461.918235294118,8.41361788617886,11659.2105792683
15623,8,2437.05,304.63125,3.95934959349593,3618.42484756098
15624,4,588.13,147.0325,1.97967479674797,873.229603658536
15625,9,3236.4,359.6,4.45426829268293,4805.26463414634
15626,3,1067.52,355.84,1.48475609756098,1585.00682926829
15627,2,566.9,283.45,0.989837398373984,841.708231707317
15628,17,5652.26,332.485882352941,8.41361788617886,8392.2275
15629,4,2240.9,560.225,1.97967479674797,3327.18993902439
15630,3,1481.4,493.8,1.48475609756098,2199.51768292683
15631,1,596.67,596.67,0.494918699186992,885.909420731707
15632,8,3285.31,410.66375,3.95934959349593,4877.88405487805
15633,13,4352.46,334.804615384615,6.43394308943089,6462.34152439024
15634,2,554.65,277.325,0.989837398373984,823.519969512195
15635,1,100.35,100.35,0.494918699186992,148.995274390244
15636,4,1444.58,361.145,1.97967479674797,2144.84896341463
15637,5,797.59,159.518,2.47459349593496,1184.22661585366
15638,6,2265.2,377.533333333333,2.96951219512195,3363.26951219512
15639,3,1065.08,355.026666666667,1.48475609756098,1581.38402439024
15640,29,23957.58,826.123448275862,14.3526422764228,35571.1629878049
15641,12,5345.55,445.4625,5.9390243902439,7936.83795731707
15642,1,105.78,105.78,0.494918699186992,157.0575
15643,3,664,221.333333333333,1.48475609756098,985.878048780488
15644,4,813,203.25,1.97967479674797,1207.10670731707
15645,3,1055.17,351.723333333333,1.48475609756098,1566.67009146341
15646,5,974.61,194.922,2.47459349593496,1447.0581402439
15647,1,169,169,0.494918699186992,250.923780487805
15648,2,657.35,328.675,0.989837398373984,976.004420731707
15649,4,2170.35,542.5875,1.97967479674797,3222.44039634146
15650,2,553.88,276.94,0.989837398373984,822.376707317073
15651,5,1259.06,251.812,2.47459349593496,1869.39701219512
15652,5,1420.34,284.068,2.47459349593496,2108.85847560976
15653,2,877.44,438.72,0.989837398373984,1302.7843902439
15654,2,922.53,461.265,0.989837398373984,1369.73204268293
15655,1,560.67,560.67,0.494918699186992,832.458201219512
15656,4,748.5,187.125,1.97967479674797,1111.33993902439
15657,1,30,30,0.494918699186992,44.5426829268293
15658,8,2423.47,302.93375,3.95934959349593,3598.2618597561
15659,3,532.49,177.496666666667,1.48475609756098,790.617774390244
15660,15,2812.99,187.532666666667,7.42378048780488,4176.60405487805
15661,8,1215.95,151.99375,3.95934959349593,1805.38917682927
15662,2,283.73,141.865,0.989837398373984,421.269847560976
15663,1,138.14,138.14,0.494918699186992,205.104207317073
15664,4,1254.03,313.5075,1.97967479674797,1861.92868902439
15665,5,4015.12,803.024,2.47459349593496,5961.47390243902
15666,2,632.94,316.47,0.989837398373984,939.761524390244
15667,1,301.32,301.32,0.494918699186992,447.386707317073
15668,1,76.32,76.32,0.494918699186992,113.316585365854
15669,4,684.34,171.085,1.97967479674797,1016.07798780488
15670,2,325.2,162.6,0.989837398373984,482.842682926829
15671,7,2657.13,379.59,3.46443089430894,3945.18996951219
15672,1,45.3,45.3,0.494918699186992,67.2594512195122
15673,9,6414.79,712.754444444444,4.45426829268293,9524.39856707317
15674,13,6948.23,534.479230769231,6.43394308943089,10316.4268597561
15675,4,542.04,135.51,1.97967479674797,804.797195121951
15676,3,3435.76,1145.25333333333,1.48475609756098,5101.2656097561
15677,3,1305.63,435.21,1.48475609756098,1938.54210365854
15678,3,1893.89,631.296666666667,1.48475609756098,2811.96472560976
15679,4,781.28,195.32,1.97967479674797,1160.01024390244
15680,10,4507.58,450.758,4.94918699186992,6692.6568902439
15681,14,2989.7,213.55,6.92886178861789,4438.97530487805
15682,2,318.24,159.12,0.989837398373984,472.508780487805
15683,2,524.54,262.27,0.989837398373984,778.813963414634
15684,3,173.95,57.9833333333333,1.48475609756098,258.273323170732
15685,1,55.98,55.98,0.494918699186992,83.1166463414634
15686,1,90,90,0.494918699186992,133.628048780488
15687,9,2993.1,332.566666666667,4.45426829268293,4444.02347560976
15688,1,190.57,190.57,0.494918699186992,282.949969512195
15689,3,521.03,173.676666666667,1.48475609756098,773.602469512195
15690,2,239.76,119.88,0.989837398373984,355.985121951219
15691,4,571.3,142.825,1.97967479674797,848.241158536585
15692,1,191.04,191.04,0.494918699186992,283.647804878049
15693,1,37.5,37.5,0.494918699186992,55.6783536585366
15694,24,10810.81,450.450416666667,11.8780487804878,16051.4160670732
15695,4,1131.04,282.76,1.97967479674797,1679.31853658537
15696,13,3906.57,300.505384615385,6.43394308943089,5800.30362804878
15697,1,246.75,246.75,0.494918699186992,366.363567073171
15698,1,46.2,46.2,0.494918699186992,68.5957317073171
15699,1,309.65,309.65,0.494918699186992,459.754725609756
15700,2,696.68,348.34,0.989837398373984,1034.39987804878
15701,4,1542.14,385.535,1.97967479674797,2289.70176829268
15702,2,140.39,70.195,0.989837398373984,208.444908536585
15703,1,211.5,211.5,0.494918699186992,314.025914634146
15704,6,3817.96,636.326666666667,2.96951219512195,5668.7393902439
15705,1,143.1,143.1,0.494918699186992,212.468597560976
15706,4,1060.56,265.14,1.97967479674797,1574.67292682927
15707,4,945.58,236.395,1.97967479674797,1403.95567073171
15708,9,4378.72,486.524444444444,4.45426829268293,6501.3312195122
15709,2,327.85,163.925,0.989837398373984,486.777286585366
15710,1,898.87,898.87,0.494918699186992,1334.60271341463
15711,2,420.25,210.125,0.989837398373984,623.96875
15712,12,3472.41,289.3675,5.9390243902439,5155.68192073171
15713,4,1010.79,252.6975,1.97967479674797,1500.77661585366
15714,5,784.81,156.962,2.47459349593496,1165.25143292683
15715,5,658.02,131.604,2.47459349593496,976.999207317073
15716,11,3056.81,277.891818181818,5.44410569105691,4538.61728658537
15717,5,607,121.4,2.47459349593496,901.246951219512
15718,1,293.79,293.79,0.494918699186992,436.206493902439
15719,31,10223.06,329.776129032258,15.3424796747967,15178.7506707317
15720,2,741.92,370.96,0.989837398373984,1101.57024390244
15721,1,507.08,507.08,0.494918699186992,752.890121951219
15722,11,5258.1,478.009090909091,5.44410569105691,7806.99603658537
15723,4,947.65,236.9125,1.97967479674797,1407.02911585366
15724,3,310.85,103.616666666667,1.48475609756098,461.536432926829
15725,1,415.25,415.25,0.494918699186992,616.544969512195
15726,1,321.91,321.91,0.494918699186992,477.957835365854
15727,15,9445.51,629.700666666667,7.42378048780488,14024.2785670732
15728,2,544.6,272.3,0.989837398373984,808.598170731707
15729,3,192.55,64.1833333333333,1.48475609756098,285.889786585366
15730,5,1726.58,345.316,2.47459349593496,2563.55018292683
15731,1,125.3,125.3,0.494918699186992,186.03993902439
15732,10,1682.07,168.207,4.94918699186992,2497.46368902439
15733,1,162.3,162.3,0.494918699186992,240.975914634146
15734,4,2263.3,565.825,1.97967479674797,3360.44847560976
15735,1,327.68,327.68,0.494918699186992,486.52487804878
15736,2,1815.72,907.86,0.989837398373984,2695.90134146341
15737,8,1205.12,150.64,3.95934959349593,1789.30926829268
15738,41,13372.97,326.17,20.2916666666667,19855.59875
15739,1,449.12,449.12,0.494918699186992,666.833658536585
15740,1,154.88,154.88,0.494918699186992,229.959024390244
15741,2,208.62,104.31,0.989837398373984,309.749817073171
15742,1,156.87,156.87,0.494918699186992,232.91368902439
15743,4,784.46,196.115,1.97967479674797,1164.73176829268
15744,1,34.8,34.8,0.494918699186992,51.6695121951219
15745,4,1094.59,273.6475,1.97967479674797,1625.19917682927
15746,1,196.88,196.88,0.494918699186992,292.318780487805
15747,9,2562.61,284.734444444444,4.45426829268293,3804.85082317073
15748,3,614.76,204.92,1.48475609756098,912.768658536585
15749,3,44534.3,14844.7666666667,1.48475609756098,66122.5734756098
15750,18,6797.191,377.621722222222,8.90853658536585,10092.1707835366
15751,11,1380.44,125.494545454545,5.44410569105691,2049.61670731707
15752,9,4207.54,467.504444444444,4.45426829268293,6247.17067073171
15753,1,79.2,79.2,0.494918699186992,117.592682926829
15754,9,3037.61,337.512222222222,4.45426829268293,4510.1099695122
15755,17,5993.12,352.536470588235,8.41361788617886,8898.32146341463
15756,4,532.96,133.24,1.97967479674797,791.315609756098
15757,6,2940.36,490.06,2.96951219512195,4365.71743902439
15758,1,205.25,205.25,0.494918699186992,304.74618902439
15759,7,830.93,118.704285714286,3.46443089430894,1233.72838414634
15760,2,13916.34,6958.17,0.989837398373984,20662.3706707317
15761,1,143.05,143.05,0.494918699186992,212.394359756098
15762,2,583.75,291.875,0.989837398373984,866.72637195122
15763,2,1086.92,543.46,0.989837398373984,1613.81109756098
15764,8,4503.08,562.885,3.95934959349593,6685.97548780488
15765,1,370.63,370.63,0.494918699186992,550.295152439024
15766,3,831.06,277.02,1.48475609756098,1233.92140243902
15768,34,15601.09,458.855588235294,16.8272357723577,23163.8135060976
15769,46,88704.32,1928.3547826087,22.7662601626016,131704.28
15770,1,321.45,321.45,0.494918699186992,477.274847560976
15771,3,1006.54,335.513333333333,1.48475609756098,1494.46640243902
15772,1,280.88,280.88,0.494918699186992,417.038292682927
15773,2,774.52,387.26,0.989837398373984,1149.97329268293
15774,6,1329.94,221.656666666667,2.96951219512195,1974.63652439024
15775,2,150.5,75.25,0.989837398373984,223.455792682927
15776,1,241.62,241.62,0.494918699186992,358.746768292683
15777,7,1762.61,251.801428571429,3.46443089430894,2617.04594512195
15778,1,307.95,307.95,0.494918699186992,457.230640243902
15779,2,124.08,62.04,0.989837398373984,184.228536585366
15780,3,475.28,158.426666666667,1.48475609756098,705.67487804878
15781,3,345.46,115.153333333333,1.48475609756098,512.923841463415
15782,4,4014.1,1003.525,1.97967479674797,5959.95945121951
15783,1,246.3,246.3,0.494918699186992,365.695426829268
15784,2,848.33,424.165,0.989837398373984,1259.5631402439
15785,16,5969.93,373.120625,7.91869918699187,8863.88996951219
15786,5,8514.82,1702.964,2.47459349593496,12642.4309146341
15787,3,948.05,316.016666666667,1.48475609756098,1407.62301829268
15788,1,221.83,221.83,0.494918699186992,329.363445121951
15789,6,1962.01,327.001666666667,2.96951219512195,2913.10631097561
15790,1,220.85,220.85,0.494918699186992,327.908384146341
15791,5,3608.34,721.668,2.47459349593496,5357.50481707317
15792,2,933.84,466.92,0.989837398373984,1386.52463414634
15793,8,2399.57,299.94625,3.95934959349593,3562.77618902439
15794,2,777,388.5,0.989837398373984,1153.65548780488
15795,8,1979.87,247.48375,3.95934959349593,2939.62405487805
15796,17,5175.83,304.460588235294,8.41361788617886,7684.84515243902
15797,6,2821.08,470.18,2.96951219512195,4188.61573170732
15798,3,1535.37,511.79,1.48475609756098,2279.64996951219
15799,4,1424.29,356.0725,1.97967479674797,2114.72326219512
15800,7,1242.58,177.511428571429,3.46443089430894,1844.92823170732
15801,3,1063.95,354.65,1.48475609756098,1579.70625
15802,1,451.42,451.42,0.494918699186992,670.248597560976
15803,4,1929.66,482.415,1.97967479674797,2865.07445121951
15804,13,4206.39,323.568461538462,6.43394308943089,6245.46320121951
15805,30,10189.23,339.641,14.8475609756098,15128.5213719512
15806,3,784.58,261.526666666667,1.48475609756098,1164.90993902439
15807,5,1817.52,363.504,2.47459349593496,2698.57390243902
15808,21,18409.93,876.663333333333,10.3932926829268,27334.2558231707
15809,7,1274.44,182.062857142857,3.46443089430894,1892.23256097561
15810,8,2999.04,374.88,3.95934959349593,4452.84292682927
15811,7,3890.52,555.788571428571,3.46443089430894,5776.47329268293
15812,12,5201.47,433.455833333333,5.9390243902439,7722.91429878049
15813,2,1303.91,651.955,0.989837398373984,1935.98832317073
15814,6,2634.44,439.073333333333,2.96951219512195,3911.50085365854
15815,5,2100.6,420.12,2.47459349593496,3118.87865853658
15816,2,144.15,72.075,0.989837398373984,214.027591463415
15817,3,2766.4,922.133333333333,1.48475609756098,4107.42926829268
15818,1,340.5,340.5,0.494918699186992,505.559451219512
15819,10,3934.79,393.479,4.94918699186992,5842.20344512195
15820,1,206.98,206.98,0.494918699186992,307.314817073171
15821,2,570.96,285.48,0.989837398373984,847.736341463415
15822,6,1840.06,306.676666666667,2.96951219512195,2732.04030487805
15823,3,3897.17,1299.05666666667,1.48475609756098,5786.34692073171
15824,2,890.94,445.47,0.989837398373984,1322.82859756098
15825,1,532.94,532.94,0.494918699186992,791.285914634146
15826,4,2598.28,649.57,1.97967479674797,3857.81207317073
15827,28,3794.07,135.5025,13.8577235772358,5633.26856707317
15828,1,1108.82,1108.82,0.494918699186992,1646.32725609756
15829,2,636.14,318.07,0.989837398373984,944.512743902439
15830,1,576,576,0.494918699186992,855.219512195122
15831,3,801.76,267.253333333333,1.48475609756098,1190.41804878049
15832,1,836.79,836.79,0.494918699186992,1242.42905487805
15833,1,80.4,80.4,0.494918699186992,119.374390243902
15834,7,3772.99,538.998571428571,3.46443089430894,5601.96990853658
15835,4,954.09,238.5225,1.97967479674797,1416.59094512195
15836,1,137.37,137.37,0.494918699186992,203.960945121951
15837,2,777.01,388.505,0.989837398373984,1153.67033536585
15838,34,74163,2181.26470588235,16.8272357723577,110113.966463415
15839,3,1048.49,349.496666666667,1.48475609756098,1556.75192073171
15840,2,355.56,177.78,0.989837398373984,527.91987804878
15841,9,2742.41,304.712222222222,4.45426829268293,4071.80996951219
15842,2,548.8,274.4,0.989837398373984,814.834146341463
15843,1,118.95,118.95,0.494918699186992,176.611737804878
15844,1,130.74,130.74,0.494918699186992,194.117012195122
15845,11,4426.28,402.389090909091,5.44410569105691,6571.94621951219
15846,1,107.01,107.01,0.494918699186992,158.88375
15847,5,822.57,164.514,2.47459349593496,1221.31582317073
15848,1,139.94,139.94,0.494918699186992,207.776768292683
15850,6,1058.72,176.453333333333,2.96951219512195,1571.94097560976
15851,1,109.73,109.73,0.494918699186992,162.922286585366
15852,3,257.26,85.7533333333333,1.48475609756098,381.968353658537
15853,1,110.8,110.8,0.494918699186992,164.510975609756
15854,21,5583.81,265.895714285714,10.3932926829268,8290.59594512195
15855,6,1052.72,175.453333333333,2.96951219512195,1563.03243902439
15856,52,34220.34,658.083461538462,25.7357723577236,50808.8584756098
15857,2,570.48,285.24,0.989837398373984,847.023658536585
15858,13,3960.37,304.643846153846,6.43394308943089,5880.18350609756
15859,1,438.46,438.46,0.494918699186992,651.006158536585
15860,17,2505.21,147.365294117647,8.41361788617886,3719.62582317073
15861,12,4401.79,366.815833333333,5.9390243902439,6535.58454268293
15862,13,2928.29,225.253076923077,6.43394308943089,4347.79643292683
15863,5,358.7,71.74,2.47459349593496,532.582012195122
15864,7,2180.76,311.537142857143,3.46443089430894,3237.89670731707
15865,5,2248.92,449.784,2.47459349593496,3339.09768292683
15866,1,230.53,230.53,0.494918699186992,342.280823170732
15867,31,9063.95,292.385483870968,15.3424796747967,13457.7550304878
15868,1,94.53,94.53,0.494918699186992,140.353993902439
15869,3,323.66,107.886666666667,1.48475609756098,480.556158536585
15870,4,862.61,215.6525,1.97967479674797,1280.76545731707
15871,1,33.1,33.1,0.494918699186992,49.1454268292683
15872,4,795.68,198.92,1.97967479674797,1181.39073170732
15873,4,313.92,78.48,1.97967479674797,466.094634146341
15874,21,11284.76,537.369523809524,10.3932926829268,16755.1162195122
15875,1,111.72,111.72,0.494918699186992,165.876951219512
15876,2,1449.14,724.57,0.989837398373984,2151.61945121951
15877,2,493.28,246.64,0.989837398373984,732.400487804878
15878,2,330.77,165.385,0.989837398373984,491.112774390244
15879,4,1157.3,289.325,1.97967479674797,1718.30823170732
15880,1,686.56,686.56,0.494918699186992,1019.37414634146
15881,5,501.39,100.278,2.47459349593496,744.441859756098
15882,8,1495.98,186.9975,3.95934959349593,2221.16542682927
15883,2,396.48,198.24,0.989837398373984,588.676097560976
15884,2,249.7,124.85,0.989837398373984,370.743597560976
15885,15,1951.82,130.121333333333,7.42378048780488,2897.97664634146
15886,4,1052.87,263.2175,1.97967479674797,1563.25515243902
15887,3,1027.15,342.383333333333,1.48475609756098,1525.06722560976
15888,3,429.16,143.053333333333,1.48475609756098,637.197926829268
15889,8,1806.28,225.785,3.95934959349593,2681.88524390244
15890,5,535.65,107.13,2.47459349593496,795.309603658536
15891,1,524.52,524.52,0.494918699186992,778.784268292683
15892,1,128.2,128.2,0.494918699186992,190.345731707317
15893,1,305.28,305.28,0.494918699186992,453.266341463415
15894,2,420.29,210.145,0.989837398373984,624.028140243902
15895,1,179.17,179.17,0.494918699186992,266.02375
15897,2,222.05,111.025,0.989837398373984,329.690091463415
15898,25,5596.31,223.8524,12.3729674796748,8309.15539634146
15899,1,112.5,112.5,0.494918699186992,167.03506097561
15900,4,900.4,225.1,1.97967479674797,1336.8743902439
15901,7,703.22,100.46,3.46443089430894,1044.11018292683
15902,1,145.01,145.01,0.494918699186992,215.304481707317
15903,12,8939.84,744.986666666667,5.9390243902439,13273.4819512195
15904,1,164.68,164.68,0.494918699186992,244.509634146341
15905,1,114.69,114.69,0.494918699186992,170.286676829268
15906,10,2555.64,255.564,4.94918699186992,3794.50207317073
15907,3,967.45,322.483333333333,1.48475609756098,1436.42728658537
15908,2,764.57,382.285,0.989837398373984,1135.1999695122
15909,1,191.94,191.94,0.494918699186992,284.984085365854
15910,15,2681.8,178.786666666667,7.42378048780488,3981.81890243902
15911,8,1702.34,212.7925,3.95934959349593,2527.55969512195
15912,9,1074.7,119.411111111111,4.45426829268293,1595.66737804878
15913,1,6.3,6.3,0.494918699186992,9.35396341463415
15914,2,205.99,102.995,0.989837398373984,305.844908536585
15915,1,429.21,429.21,0.494918699186992,637.272164634146
15916,13,3427.17,263.628461538462,6.43394308943089,5088.51155487805
15917,5,560.63,112.126,2.47459349593496,832.39881097561
15918,3,582.88,194.293333333333,1.48475609756098,865.434634146341
15919,2,910.61,455.305,0.989837398373984,1352.03375
15920,9,571.64,63.5155555555556,4.45426829268293,848.745975609756
15921,4,802.11,200.5275,1.97967479674797,1190.93771341463
15922,1,739,739,0.494918699186992,1097.23475609756
15923,1,254.16,254.16,0.494918699186992,377.365609756098
15924,1,102.82,102.82,0.494918699186992,152.66262195122
15925,1,207.15,207.15,0.494918699186992,307.567225609756
15926,1,134.44,134.44,0.494918699186992,199.610609756098
15927,1,123.39,123.39,0.494918699186992,183.204054878049
15928,1,293.53,293.53,0.494918699186992,435.820457317073
15929,1,594,594,0.494918699186992,881.945121951219
15930,1,426.63,426.63,0.494918699186992,633.441493902439
15931,1,239.9,239.9,0.494918699186992,356.192987804878
15932,8,2495.87,311.98375,3.95934959349593,3705.75820121951
15933,3,1107.46,369.153333333333,1.48475609756098,1644.30798780488
15934,2,2190.66,1095.33,0.989837398373984,3252.59579268293
15935,2,416.86,208.43,0.989837398373984,618.935426829268
15936,2,282.79,141.395,0.989837398373984,419.874176829268
15937,1,145.35,145.35,0.494918699186992,215.809298780488
15938,9,734.81,81.6455555555555,4.45426829268293,1091.01362804878
15939,16,9060.39,566.274375,7.91869918699187,13452.4692987805
15940,1,35.8,35.8,0.494918699186992,53.1542682926829
15941,1,405,405,0.494918699186992,601.326219512195
15942,1,337.44,337.44,0.494918699186992,501.016097560976
15943,2,271.29,135.645,0.989837398373984,402.799481707317
15944,4,2164.24,541.06,1.97967479674797,3213.36853658537
15945,4,827.27,206.8175,1.97967479674797,1228.29417682927
15946,3,2304.18,768.06,1.48475609756098,3421.14530487805
15947,1,1708.24,1708.24,0.494918699186992,2536.31975609756
15948,3,1509.09,503.03,1.48475609756098,2240.63057926829
15949,2,364.72,182.36,0.989837398373984,541.520243902439
15950,10,7180.71,718.071,4.94918699186992,10661.6029573171
15951,3,1013.17,337.723333333333,1.48475609756098,1504.31033536585
15952,4,806.57,201.6425,1.97967479674797,1197.55972560976
15953,18,3669.55,203.863888888889,8.90853658536585,5448.38673780488
15954,1,190.75,190.75,0.494918699186992,283.217225609756
15955,22,8658.36,393.561818181818,10.8882113821138,12855.552804878
15956,2,617.6,308.8,0.989837398373984,916.985365853658
15957,3,930.1,310.033333333333,1.48475609756098,1380.97164634146
15958,4,492.99,123.2475,1.97967479674797,731.969908536585
15959,3,579.49,193.163333333333,1.48475609756098,860.40131097561
15960,4,410.95,102.7375,1.97967479674797,610.160518292683
15961,1,451.29,451.29,0.494918699186992,670.055579268293
15962,1,295.83,295.83,0.494918699186992,439.235396341463
15963,2,470.76,235.38,0.989837398373984,698.963780487805
15964,1,272.96,272.96,0.494918699186992,405.279024390244
15965,13,3013.09,231.776153846154,6.43394308943089,4473.70375
15966,1,426.53,426.53,0.494918699186992,633.293018292683
15967,12,3041.6,253.466666666667,5.9390243902439,4516.03414634146
15968,1,418.05,418.05,0.494918699186992,620.702286585366
15969,5,1127.05,225.41,2.47459349593496,1673.3943597561
15970,2,1017.32,508.66,0.989837398373984,1510.47207317073
15971,18,5902.83,327.935,8.90853658536585,8764.26283536585
15972,5,1810.27,362.054,2.47459349593496,2687.80942073171
15973,3,988.44,329.48,1.48475609756098,1467.59231707317
15974,7,3442.15,491.735714285714,3.46443089430894,5110.75320121951
15975,1,371.01,371.01,0.494918699186992,550.859359756098
15976,6,1746.64,291.106666666667,2.96951219512195,2593.3343902439
15977,2,1054.73,527.365,0.989837398373984,1566.01679878049
15978,3,3279.42,1093.14,1.48475609756098,4869.13884146341
15979,1,329.22,329.22,0.494918699186992,488.811402439024
15980,7,6593.68,941.954285714286,3.46443089430894,9790.00658536585
15981,21,9362.77,445.84619047619,10.3932926829268,13901.429847561
15982,1,324.51,324.51,0.494918699186992,481.818201219512
15983,8,3958.82,494.8525,3.95934959349593,5877.88213414634
15984,30,8759.32,291.977333333333,14.8475609756098,13005.4537804878
15985,7,2715.28,387.897142857143,3.46443089430894,4031.52853658537
15986,2,354.42,177.21,0.989837398373984,526.227256097561
15987,8,1682.13,210.26625,3.95934959349593,2497.55277439024
15988,3,770.09,256.696666666667,1.48475609756098,1143.39582317073
15989,2,372.51,186.255,0.989837398373984,553.086493902439
15990,7,2010.05,287.15,3.46443089430894,2984.43399390244
15991,1,150.55,150.55,0.494918699186992,223.530030487805
15992,3,896.6,298.866666666667,1.48475609756098,1331.23231707317
15993,7,2797.57,399.652857142857,3.46443089430894,4153.70911585366
15994,3,1202.18,400.726666666667,1.48475609756098,1784.94408536585
15995,1,696.19,696.19,0.494918699186992,1033.67234756098
15996,7,1686.9,240.985714285714,3.46443089430894,2504.63506097561
15998,16,8308.34,519.27125,7.91869918699187,12335.8584756098
15999,1,20.4,20.4,0.494918699186992,30.2890243902439
16000,3,12393.7,4131.23333333333,1.48475609756098,18401.6216463415
16001,1,583.39,583.39,0.494918699186992,866.191859756098
16002,1,169.21,169.21,0.494918699186992,251.235579268293
16003,10,5613.83,561.383,4.94918699186992,8335.16832317073
16004,5,2146.39,429.278,2.47459349593496,3186.8656402439
16005,10,2436.22,243.622,4.94918699186992,3617.1925
16006,2,347.17,173.585,0.989837398373984,515.462774390244
16007,7,3075.14,439.305714285714,3.46443089430894,4565.83286585366
16008,15,5384.13,358.942,7.42378048780488,7994.11984756097
16009,4,992.71,248.1775,1.97967479674797,1473.93222560976
16010,11,1724.06,156.732727272727,5.44410569105691,2559.80859756098
16011,29,5880.46,202.774482758621,14.3526422764228,8731.04884146341
16012,5,2989.79,597.958,2.47459349593496,4439.10893292683
16013,84,57446.44,683.88619047619,41.5731707317073,85293.9520731707
16014,5,1130.27,226.054,2.47459349593496,1678.17527439024
16015,3,705.39,235.13,1.48475609756098,1047.33210365854
16016,11,2533.94,230.358181818182,5.44410569105691,3762.28286585366
16017,5,1553.83,310.766,2.47459349593496,2307.05856707317
16018,4,698.13,174.5325,1.97967479674797,1036.55277439024
16019,27,17465.85,646.883333333333,13.3628048780488,25932.5272865854
16020,3,851.01,283.67,1.48475609756098,1263.54228658537
16021,2,532.25,266.125,0.989837398373984,790.261432926829
16022,1,628.28,628.28,0.494918699186992,932.84256097561
16023,3,719.81,239.936666666667,1.48475609756098,1068.74228658537
16024,3,484.2,161.4,1.48475609756098,718.918902439024
16025,1,439.66,439.66,0.494918699186992,652.787865853658
16026,1,236.09,236.09,0.494918699186992,350.536067073171
16027,15,2048.36,136.557333333333,7.42378048780488,3041.315
16028,1,82.2,82.2,0.494918699186992,122.046951219512
16029,107,122209.14,1142.1414953271,52.9563008130081,181450.765792683
16030,1,331.24,331.24,0.494918699186992,491.810609756098
16031,2,548.94,274.47,0.989837398373984,815.042012195122
16032,6,1970.45,328.408333333333,2.96951219512195,2925.63765243902
16033,27,10836.13,401.338148148148,13.3628048780488,16089.0100914634
16034,6,928.72,154.786666666667,2.96951219512195,1378.92268292683
16035,1,217.73,217.73,0.494918699186992,323.275945121951
16036,4,2556.84,639.21,1.97967479674797,3796.2837804878
16037,5,1509.34,301.868,2.47459349593496,2241.00176829268
16038,3,471.78,157.26,1.48475609756098,700.478231707317
16039,2,456.4,228.2,0.989837398373984,677.642682926829
16040,7,2416.9,345.271428571429,3.46443089430894,3588.50701219512
16041,3,3166.4,1055.46666666667,1.48475609756098,4701.33170731707
16042,8,2265.12,283.14,3.95934959349593,3363.15073170732
16043,8,1856.59,232.07375,3.95934959349593,2756.58332317073
16044,1,340.84,340.84,0.494918699186992,506.064268292683
16045,8,3434.93,429.36625,3.95934959349593,5100.03326219512
16046,1,235.78,235.78,0.494918699186992,350.075792682927
16047,1,107.14,107.14,0.494918699186992,159.076768292683
16048,4,1075.23,268.8075,1.97967479674797,1596.45429878049
16049,6,1899.68,316.613333333333,2.96951219512195,2820.56146341463
16050,3,300.7,100.233333333333,1.48475609756098,446.466158536585
16051,1,188.44,188.44,0.494918699186992,279.78743902439
16052,1,362.06,362.06,0.494918699186992,537.570792682927
16053,6,3634.84,605.806666666667,2.96951219512195,5396.85085365854
16054,4,2111.88,527.97,1.97967479674797,3135.62670731707
16055,1,134.8,134.8,0.494918699186992,200.14512195122
16056,1,664.85,664.85,0.494918699186992,987.140091463415
16057,10,3854.85,385.485,4.94918699186992,5723.51204268293
16058,1,62.7,62.7,0.494918699186992,93.0942073170732
16059,12,3217.77,268.1475,5.9390243902439,4777.60362804878
16060,3,541.95,180.65,1.48475609756098,804.663567073171
16061,1,89.65,89.65,0.494918699186992,133.108384146341
16062,8,2863.45,357.93125,3.95934959349593,4251.52484756098
16063,1,335.32,335.32,0.494918699186992,497.868414634146
16064,1,111,111,0.494918699186992,164.807926829268
16065,8,2382.62,297.8275,3.95934959349593,3537.60957317073
16066,5,1521.87,304.374,2.47459349593496,2259.60576219512
16067,3,3395.29,1131.76333333333,1.48475609756098,5041.1775304878
16068,1,122.93,122.93,0.494918699186992,182.521067073171
16069,1,457.7,457.7,0.494918699186992,679.572865853658
16070,2,852.15,426.075,0.989837398373984,1265.23490853659
16071,4,1076.8,269.2,1.97967479674797,1598.78536585366
16072,4,4328.89,1082.2225,1.97967479674797,6427.34582317073
16073,1,122.4,122.4,0.494918699186992,181.734146341463
16074,1,265.25,265.25,0.494918699186992,393.831554878049
16075,2,736.93,368.465,0.989837398373984,1094.16131097561
16076,10,2234.73,223.473,4.94918699186992,3318.02899390244
16077,1,2300.4,2300.4,0.494918699186992,3415.53292682927
16078,2,362.99,181.495,0.989837398373984,538.951615853658
16079,3,1352,450.666666666667,1.48475609756098,2007.39024390244
16080,4,602.56,150.64,1.97967479674797,894.654634146342
16081,8,4460.18,557.5225,3.95934959349593,6622.27945121951
16082,1,106.75,106.75,0.494918699186992,158.497713414634
16083,4,2351.42,587.855,1.97967479674797,3491.28518292683
16084,1,436.18,436.18,0.494918699186992,647.620914634146
16085,12,2343.53,195.294166666667,5.9390243902439,3479.57045731707
16086,10,2864.99,286.499,4.94918699186992,4253.81137195122
16087,5,1739.92,347.984,2.47459349593496,2583.35682926829
16088,2,1437.43,718.715,0.989837398373984,2134.23295731707
16089,2,271.44,135.72,0.989837398373984,403.022195121951
16090,1,205.91,205.91,0.494918699186992,305.72612804878
16091,2,315.06,157.53,0.989837398373984,467.787256097561
16092,6,1587.94,264.656666666667,2.96951219512195,2357.70359756098
16093,1,17,17,0.494918699186992,25.2408536585366
16094,11,3695.56,335.96,5.44410569105691,5487.00524390244
16095,1,447.05,447.05,0.494918699186992,663.760213414634
16096,4,1584.97,396.2425,1.97967479674797,2353.29387195122
16097,1,185.05,185.05,0.494918699186992,274.754115853659
16098,14,4448.1,317.721428571429,6.92886178861789,6604.34359756097
16099,7,1573.2,224.742857142857,3.46443089430894,2335.81829268293
16100,1,582.64,582.64,0.494918699186992,865.078292682927
16101,4,3229.16,807.29,1.97967479674797,4794.515
16102,3,1842.14,614.046666666667,1.48475609756098,2735.12859756098
16103,22,6191.71,281.441363636364,10.8882113821138,9193.17917682927
16104,9,2778.61,308.734444444444,4.45426829268293,4125.5581402439
16105,5,2386.19,477.238,2.47459349593496,3542.91015243902
16106,1,108.38,108.38,0.494918699186992,160.917865853659
16107,7,3204.16,457.737142857143,3.46443089430894,4757.39609756098
16108,4,2235.92,558.98,1.97967479674797,3319.79585365854
16109,3,939.48,313.16,1.48475609756098,1394.89865853659
16110,4,1819.27,454.8175,1.97967479674797,2701.17222560976
16111,1,562.48,562.48,0.494918699186992,835.145609756098
16112,4,195.74,48.935,1.97967479674797,290.626158536585
16113,1,161.38,161.38,0.494918699186992,239.60993902439
16114,1,135.75,135.75,0.494918699186992,201.555640243902
16115,12,2575.14,214.595,5.9390243902439,3823.45481707317
16116,1,612.78,612.78,0.494918699186992,909.828841463415
16117,3,654.4,218.133333333333,1.48475609756098,971.624390243902
16118,1,4376.25,4376.25,0.494918699186992,6497.66387195122
16119,8,1720.81,215.10125,3.95934959349593,2554.9831402439
16120,6,3056.91,509.485,2.96951219512195,4538.76576219512
16121,5,1477.09,295.418,2.47459349593496,2193.11838414634
16122,6,1001.34,166.89,2.96951219512195,1486.74567073171
16123,1,307.78,307.78,0.494918699186992,456.978231707317
16124,4,1772.49,443.1225,1.97967479674797,2631.71533536585
16125,14,4587.65,327.689285714286,6.92886178861789,6811.54131097561
16126,15,14646.8,976.453333333333,7.42378048780488,21746.9256097561
16127,2,801.31,400.655,0.989837398373984,1189.74990853659
16128,11,3801.05,345.55,5.44410569105691,5643.63216463415
16129,3,1396.05,465.35,1.48475609756098,2072.79375
16130,4,987.48,246.87,1.97967479674797,1466.16695121951
16131,12,9957.42,829.785,5.9390243902439,14784.3400609756
16132,2,664.2,332.1,0.989837398373984,986.175
16133,56,22992.26,410.576071428571,27.7154471544715,34137.8982317073
16134,5,2145.34,429.068,2.47459349593496,3185.30664634146
16135,2,819.45,409.725,0.989837398373984,1216.68338414634
16136,4,946.8,236.7,1.97967479674797,1405.76707317073
16137,1,422.7,422.7,0.494918699186992,627.606402439024
16138,3,910.35,303.45,1.48475609756098,1351.64771341463
16139,5,1111.15,222.23,2.47459349593496,1649.78673780488
16140,3,1557.6,519.2,1.48475609756098,2312.65609756098
16141,2,955.94,477.97,0.989837398373984,1419.33774390244
16142,1,535.34,535.34,0.494918699186992,794.849329268293
16143,12,4910.83,409.235833333333,5.9390243902439,7291.38478658537
16144,1,175.2,175.2,0.494918699186992,260.129268292683
16145,19,6805.44,358.181052631579,9.40345528455284,10104.4185365854
16146,4,946.38,236.595,1.97967479674797,1405.14347560976
16147,5,2398.91,479.782,2.47459349593496,3561.79625
16148,2,386.62,193.31,0.989837398373984,574.036402439024
16149,3,422.22,140.74,1.48475609756098,626.893719512195
16150,10,4395.59,439.559,4.94918699186992,6526.37905487805
16152,1,1829.04,1829.04,0.494918699186992,2715.67829268293
16153,11,5133.49,466.680909090909,5.44410569105691,7621.98057926829
16155,5,796.9,159.38,2.47459349593496,1183.20213414634
16156,20,6218.18,310.909,9.89837398373984,9232.48067073171
16157,3,656.69,218.896666666667,1.48475609756098,975.024481707317
16158,9,628.32,69.8133333333333,4.45426829268293,932.901951219512
16159,4,1232.79,308.1975,1.97967479674797,1830.3924695122
16160,2,1025.44,512.72,0.989837398373984,1522.52829268293
16161,43,12831.8,298.413953488372,21.2815040650406,19052.0932926829
16162,1,37.4,37.4,0.494918699186992,55.5298780487805
16163,6,2849.58,474.93,2.96951219512195,4230.9312804878
16164,3,822.48,274.16,1.48475609756098,1221.18219512195
16165,1,79.9,79.9,0.494918699186992,118.632012195122
16166,2,435.83,217.915,0.989837398373984,647.10125
16167,5,1386.12,277.224,2.47459349593496,2058.05012195122
16168,66,10636.47,161.158636363636,32.6646341463415,15792.5636890244
16169,4,1822.97,455.7425,1.97967479674797,2706.66582317073
16170,20,6869,343.45,9.89837398373984,10198.7896341463
16171,1,73.2,73.2,0.494918699186992,108.684146341463
16172,8,1884.55,235.56875,3.95934959349593,2798.09710365854
16173,6,1418.32,236.386666666667,2.96951219512195,2105.85926829268
16174,7,2246.75,320.964285714286,3.46443089430894,3335.87576219512
16175,7,1836.44,262.348571428571,3.46443089430894,2726.66548780488
16176,4,2052.69,513.1725,1.97967479674797,3047.74399390244
16177,8,2247.31,280.91375,3.95934959349593,3336.70722560976
16178,2,612.6,306.3,0.989837398373984,909.561585365854
16179,1,215.83,215.83,0.494918699186992,320.454908536585
16180,13,16249.87,1249.99,6.43394308943089,24127.0935670732
16181,1,305.54,305.54,0.494918699186992,453.652378048781
16182,9,9971.65,1107.96111111111,4.45426829268293,14805.4681402439
16183,4,1077.81,269.4525,1.97967479674797,1600.28496951219
16184,6,1158.79,193.131666666667,2.96951219512195,1720.52051829268
16185,3,644.72,214.906666666667,1.48475609756098,957.251951219512
16186,26,9026.11,347.158076923077,12.8678861788618,13401.5718597561
16187,15,6911.44,460.762666666667,7.42378048780488,10261.8026829268
16188,5,1087.66,217.532,2.47459349593496,1614.90981707317
16189,2,215.48,107.74,0.989837398373984,319.935243902439
16190,8,2723.55,340.44375,3.95934959349593,4043.80746951219
16191,24,15688.02,653.6675,11.8780487804878,23292.8833536585
16192,1,351.3,351.3,0.494918699186992,521.594817073171
16193,2,630.43,315.215,0.989837398373984,936.034786585366
16194,1,308.6,308.6,0.494918699186992,458.195731707317
16195,1,323.25,323.25,0.494918699186992,479.947408536585
16196,1,93.3,93.3,0.494918699186992,138.527743902439
16197,9,2016.71,224.078888888889,4.45426829268293,2994.3224695122
16198,2,1030.041,515.0205,0.989837398373984,1529.3596554878
16199,7,942.75,134.678571428571,3.46443089430894,1399.75381097561
16200,12,5643.45,470.2875,5.9390243902439,8379.14679878049
16201,5,2112.12,422.424,2.47459349593496,3135.98304878049
16202,9,2501.99,277.998888888889,4.45426829268293,3714.84490853659
16203,6,1114.54,185.756666666667,2.96951219512195,1654.82006097561
16204,3,944.24,314.746666666667,1.48475609756098,1401.96609756098
16205,7,1830.61,261.515714285714,3.46443089430894,2718.0093597561
16206,13,2602.32,200.178461538462,6.43394308943089,3863.81048780488
16207,1,394.38,394.38,0.494918699186992,585.558109756097
16208,10,3440.45,344.045,4.94918699186992,5108.22911585366
16209,9,4146.78,460.753333333333,4.45426829268293,6156.9568902439
16210,35,38489.51,1099.70028571429,17.3221544715447,57147.5346646341
16211,3,1090.59,363.53,1.48475609756098,1619.26015243902
16212,4,1293.71,323.4275,1.97967479674797,1920.84381097561
16213,1,159,159,0.494918699186992,236.076219512195
16214,4,2038.25,509.5625,1.97967479674797,3026.30411585366
16215,1,242.35,242.35,0.494918699186992,359.830640243902
16216,1,914.93,914.93,0.494918699186992,1358.44789634146
16217,2,304.25,152.125,0.989837398373984,451.737042682927
16218,13,4439.97,341.536153846154,6.43394308943089,6592.2725304878
16219,1,40.8,40.8,0.494918699186992,60.5780487804878
16221,9,2235.51,248.39,4.45426829268293,3319.18710365854
16222,2,1345.22,672.61,0.989837398373984,1997.32359756098
16223,2,1102.35,551.175,0.989837398373984,1636.72088414634
16224,5,1616.54,323.308,2.47459349593496,2400.16762195122
16225,15,2867.41,191.160666666667,7.42378048780488,4257.40448170732
16226,5,672.17,134.434,2.47459349593496,998.008506097561
16227,3,1027.22,342.406666666667,1.48475609756098,1525.17115853659
16228,3,890.81,296.936666666667,1.48475609756098,1322.63557926829
16229,6,2867.86,477.976666666667,2.96951219512195,4258.07262195122
16230,2,542.03,271.015,0.989837398373984,804.782347560975
16231,4,1078.22,269.555,1.97967479674797,1600.89371951219
16232,7,2712.97,387.567142857143,3.46443089430894,4028.09875
16233,9,1965.71,218.412222222222,4.45426829268293,2918.59990853659
16234,3,333.18,111.06,1.48475609756098,494.691036585366
16235,9,2053.71,228.19,4.45426829268293,3049.25844512195
16236,1,432.2,432.2,0.494918699186992,641.711585365854
16237,1,136.65,136.65,0.494918699186992,202.891920731707
16238,1,63.66,63.66,0.494918699186992,94.5195731707317
16239,6,1492.2,248.7,2.96951219512195,2215.55304878049
16240,2,3718.8,1859.4,0.989837398373984,5521.51097560976
16241,16,4329.31,270.581875,7.91869918699187,6427.96942073171
16242,14,7474.4,533.885714285714,6.92886178861789,11097.6609756098
16243,2,409.1,204.55,0.989837398373984,607.413719512195
16244,2,2579.38,1289.69,0.989837398373984,3829.75018292683
16245,3,1413.66,471.22,1.48475609756098,2098.94030487805
16246,2,827.25,413.625,0.989837398373984,1228.26448170732
16247,1,114.56,114.56,0.494918699186992,170.093658536585
16248,1,152.94,152.94,0.494918699186992,227.078597560976
16249,5,1800.07,360.014,2.47459349593496,2672.66490853658
16250,3,791.38,263.793333333333,1.48475609756098,1175.0062804878
16251,1,128.31,128.31,0.494918699186992,190.509054878049
16252,1,295.09,295.09,0.494918699186992,438.136676829268
16253,7,7310.15,1044.30714285714,3.46443089430894,10853.7897865854
16254,3,985.14,328.38,1.48475609756098,1462.69262195122
16255,15,4906.8,327.12,7.42378048780488,7285.40121951219
16256,3,1629.37,543.123333333333,1.48475609756098,2419.21704268293
16257,1,46.95,46.95,0.494918699186992,69.7092987804878
16258,15,11942.52,796.168,7.42378048780488,17731.7293902439
16259,3,361.94,120.646666666667,1.48475609756098,537.392621951219
16260,1,1035.45,1035.45,0.494918699186992,1537.39070121951
16261,6,1059.45,176.575,2.96951219512195,1573.02484756098
16262,1,755.15,755.15,0.494918699186992,1121.21356707317
16263,1,351.01,351.01,0.494918699186992,521.164237804878
16264,2,837.53,418.765,0.989837398373984,1243.52777439024
16265,12,6935.17,577.930833333333,5.9390243902439,10297.035945122
16266,14,1757.95,125.567857142857,6.92886178861789,2610.12698170732
16267,1,186.66,186.66,0.494918699186992,277.144573170732
16268,2,667.65,333.825,0.989837398373984,991.297408536585
16269,1,717.57,717.57,0.494918699186992,1065.41643292683
16270,1,1141.24,1141.24,0.494918699186992,1694.46304878049
16271,10,3463.02,346.302,4.94918699186992,5141.74006097561
16272,1,411.7,411.7,0.494918699186992,611.274085365854
16273,2,336.04,168.02,0.989837398373984,498.93743902439
16274,1,715.9,715.9,0.494918699186992,1062.9368902439
16275,3,2151.11,717.036666666667,1.48475609756098,3193.87368902439
16276,3,2629.39,876.463333333333,1.48475609756098,3904.00283536585
16277,1,188.69,188.69,0.494918699186992,280.15862804878
16278,3,1117.84,372.613333333333,1.48475609756098,1659.71975609756
16279,9,5705.08,633.897777777778,4.45426829268293,8470.65231707317
16280,1,238.05,238.05,0.494918699186992,353.44618902439
16281,3,3424.02,1141.34,1.48475609756098,5083.83457317073
16282,3,1307.58,435.86,1.48475609756098,1941.43737804878
16283,8,4403.82,550.4775,3.95934959349593,6538.59859756097
16284,3,1029.77,343.256666666667,1.48475609756098,1528.95728658537
16285,1,176.9,176.9,0.494918699186992,262.653353658537
16286,2,328.95,164.475,0.989837398373984,488.410518292683
16287,5,1006.98,201.396,2.47459349593496,1495.11969512195
16288,1,129.85,129.85,0.494918699186992,192.795579268293
16289,1,136.31,136.31,0.494918699186992,202.387103658537
16290,4,2069.3,517.325,1.97967479674797,3072.40579268293
16291,1,117.72,117.72,0.494918699186992,174.785487804878
16292,5,1253.76,250.752,2.47459349593496,1861.52780487805
16293,15,4657.95,310.53,7.42378048780488,6915.91966463414
16294,1,126.05,126.05,0.494918699186992,187.153506097561
16295,4,1328.55,332.1375,1.97967479674797,1972.57271341463
16296,4,1313.67,328.4175,1.97967479674797,1950.47954268293
16297,1,301.9,301.9,0.494918699186992,448.247865853658
16298,7,1085.7,155.1,3.46443089430894,1611.99969512195
16299,1,193.65,193.65,0.494918699186992,287.523018292683
16300,3,1392.43,464.143333333333,1.48475609756098,2067.41893292683
16301,1,107.33,107.33,0.494918699186992,159.358871951219
16302,1,233.22,233.22,0.494918699186992,346.274817073171
16303,7,7928.27,1132.61,3.46443089430894,11771.5472256098
16304,1,381.66,381.66,0.494918699186992,566.672012195122
16305,1,361.22,361.22,0.494918699186992,536.323597560975
16306,7,1192.82,170.402857142857,3.46443089430894,1771.04676829268
16307,3,1194.92,398.306666666667,1.48475609756098,1774.16475609756
16308,7,5120,731.428571428571,3.46443089430894,7601.95121951219
16309,2,706.57,353.285,0.989837398373984,1049.08411585366
16310,2,460.08,230.04,0.989837398373984,683.106585365854
16311,2,616.26,308.13,0.989837398373984,914.995792682927
16312,1,171.15,171.15,0.494918699186992,254.116006097561
16313,2,274.15,137.075,0.989837398373984,407.045884146341
16314,3,1491.4,497.133333333333,1.48475609756098,2214.36524390244
16315,2,402.71,201.355,0.989837398373984,597.92612804878
16316,13,5744.91,441.916153846154,6.43394308943089,8529.79015243902
16317,5,2192.51,438.502,2.47459349593496,3255.34259146341
16318,1,328.15,328.15,0.494918699186992,487.222713414634
16319,1,404.4,404.4,0.494918699186992,600.435365853659
16320,6,5628.99,938.165,2.96951219512195,8357.67722560976
16321,7,604.55,86.3642857142857,3.46443089430894,897.609298780488
16322,2,326.75,163.375,0.989837398373984,485.144054878049
16323,2,353.66,176.83,0.989837398373984,525.098841463415
16324,3,428.68,142.893333333333,1.48475609756098,636.485243902439
16325,12,3597.5,299.791666666667,5.9390243902439,5341.41006097561
16326,24,4826.99,201.124583333333,11.8780487804878,7166.90283536585
16327,16,10731.34,670.70875,7.91869918699187,15933.4225
16328,1,310.83,310.83,0.494918699186992,461.506737804878
16329,4,1703.07,425.7675,1.97967479674797,2528.64356707317
16330,7,634.33,90.6185714285714,3.46443089430894,941.825335365854
16331,6,2037.7,339.616666666667,2.96951219512195,3025.4875
16332,11,2010.41,182.764545454545,5.44410569105691,2984.96850609756
16333,22,26626.8,1210.30909090909,10.8882113821138,39534.3036585366
16334,1,277.48,277.48,0.494918699186992,411.990121951219
16335,7,2774,396.285714285714,3.46443089430894,4118.71341463415
16336,4,3517.69,879.4225,1.97967479674797,5222.91167682927
16337,1,151.05,151.05,0.494918699186992,224.272408536585
16338,1,214.8,214.8,0.494918699186992,318.925609756098
16339,1,109.95,109.95,0.494918699186992,163.248932926829
16340,3,1526.06,508.686666666667,1.48475609756098,2265.8268902439
16341,7,3850.79,550.112857142857,3.46443089430894,5717.48393292683
16342,4,322.41,80.6025,1.97967479674797,478.700213414634
16343,3,687.07,229.023333333333,1.48475609756098,1020.13137195122
16344,4,842.42,210.605,1.97967479674797,1250.78823170732
16345,2,1198.74,599.37,0.989837398373984,1779.83652439024
16346,1,224.51,224.51,0.494918699186992,333.342591463415
16347,11,3509.41,319.037272727273,5.44410569105691,5210.61789634146
16348,8,1798.22,224.7775,3.95934959349593,2669.9181097561
16349,1,53.5,53.5,0.494918699186992,79.4344512195122
16350,9,2253.89,250.432222222222,4.45426829268293,3346.47692073171
16351,13,3330.03,256.156153846154,6.43394308943089,4944.28234756097
16352,2,494.44,247.22,0.989837398373984,734.122804878049
16353,38,9999.46,263.143684210526,18.8069105691057,14846.7592073171
16354,5,1129.51,225.902,2.47459349593496,1677.0468597561
16355,1,416.35,416.35,0.494918699186992,618.178201219512
16356,6,415.87,69.3116666666667,2.96951219512195,617.465518292683
16357,4,868.37,217.0925,1.97967479674797,1289.31765243902
16358,5,2919.65,583.93,2.47459349593496,4334.9681402439
16359,16,2697.75,168.609375,7.91869918699187,4005.50076219512
16360,6,3512.53,585.421666666667,2.96951219512195,5215.25033536585
16361,4,896.66,224.165,1.97967479674797,1331.32140243902
16362,6,946.94,157.823333333333,2.96951219512195,1405.97493902439
16363,1,109.36,109.36,0.494918699186992,162.372926829268
16364,2,707.04,353.52,0.989837398373984,1049.78195121951
16365,15,3307.2,220.48,7.42378048780488,4910.38536585366
16366,4,1548.13,387.0325,1.97967479674797,2298.59545731707
16367,3,1362.4,454.133333333333,1.48475609756098,2022.83170731707
16368,3,640.21,213.403333333333,1.48475609756098,950.555701219512
16369,7,2664.81,380.687142857143,3.46443089430894,3956.59289634146
16370,4,1320.56,330.14,1.97967479674797,1960.70951219512
16371,1,157.2,157.2,0.494918699186992,233.403658536585
16372,5,1328.61,265.722,2.47459349593496,1972.66179878049
16373,2,309.49,154.745,0.989837398373984,459.517164634146
16374,5,1771.45,354.29,2.47459349593496,2630.17118902439
16375,2,104,52,0.989837398373984,154.414634146341
16376,2,987.01,493.505,0.989837398373984,1465.46911585366
16377,2,1308.48,654.24,0.989837398373984,1942.77365853659
16378,3,362.95,120.983333333333,1.48475609756098,538.892225609756
16379,4,2157.4,539.35,1.97967479674797,3203.21280487805
16380,1,1780.59,1780.59,0.494918699186992,2643.7418597561
16381,2,258.7,129.35,0.989837398373984,384.106402439024
16382,2,353.1,176.55,0.989837398373984,524.267378048781
16383,7,2974.84,424.977142857143,3.46443089430894,4416.91182926829
16384,4,1358.95,339.7375,1.97967479674797,2017.70929878049
16385,5,1030.61,206.122,2.47459349593496,1530.20448170732
16386,3,1102.59,367.53,1.48475609756098,1637.07722560976
16387,5,918.55,183.71,2.47459349593496,1363.82271341463
16388,1,186.05,186.05,0.494918699186992,276.238871951219
16389,4,1382.07,345.5175,1.97967479674797,2052.0368597561
16390,3,467.5,155.833333333333,1.48475609756098,694.123475609756
16391,4,1103.61,275.9025,1.97967479674797,1638.59167682927
16392,3,763.05,254.35,1.48475609756098,1132.9431402439
16393,23,5561.66,241.811304347826,11.3831300813008,8257.70859756098
16394,5,1555.34,311.068,2.47459349593496,2309.30054878049
16395,14,3537.85,252.703571428571,6.92886178861789,5252.8443597561
16396,1,137.8,137.8,0.494918699186992,204.599390243902
16397,1,127.88,127.88,0.494918699186992,189.870609756098
16398,2,1705.8,852.9,0.989837398373984,2532.69695121951
16399,3,641.82,213.94,1.48475609756098,952.946158536585
16400,9,3159.44,351.048888888889,4.45426829268293,4690.99780487805
16401,23,6849.15,297.789130434783,11.3831300813008,10169.3172256098
16402,2,511.4,255.7,0.989837398373984,759.304268292683
16403,1,177.5,177.5,0.494918699186992,263.544207317073
16404,1,443.05,443.05,0.494918699186992,657.82118902439
16405,2,167.25,83.625,0.989837398373984,248.325457317073
16406,3,552.68,184.226666666667,1.48475609756098,820.595
16407,14,2821.65,201.546428571429,6.92886178861789,4189.46204268293
16408,1,231.93,231.93,0.494918699186992,344.359481707317
16409,12,5709.04,475.753333333333,5.9390243902439,8476.53195121951
16410,1,130.32,130.32,0.494918699186992,193.493414634146
16411,4,910.19,227.5475,1.97967479674797,1351.41015243902
16412,5,647.23,129.446,2.47459349593496,960.97868902439
16413,2,528.98,264.49,0.989837398373984,785.406280487805
16414,5,559.71,111.942,2.47459349593496,831.032835365854
16415,3,719.44,239.813333333333,1.48475609756098,1068.19292682927
16416,9,2972.88,330.32,4.45426829268293,4414.00170731707
16417,1,35.7,35.7,0.494918699186992,53.0057926829268
16418,5,1101.94,220.388,2.47459349593496,1636.11213414634
16419,8,1487.42,185.9275,3.95934959349593,2208.45591463415
16420,1,75,75,0.494918699186992,111.356707317073
16421,3,526.27,175.423333333333,1.48475609756098,781.382591463414
16422,109,63651.47,583.958440366972,53.9461382113821,94506.9082012195
16423,1,346.12,346.12,0.494918699186992,513.903780487805
16424,2,443.06,221.53,0.989837398373984,657.836036585366
16425,1,302.7,302.7,0.494918699186992,449.435670731707
16426,10,1908.25,190.825,4.94918699186992,2833.28582317073
16427,2,241.06,120.53,0.989837398373984,357.915304878049
16428,3,660.28,220.093333333333,1.48475609756098,980.354756097561
16429,1,284.55,284.55,0.494918699186992,422.487347560976
16430,7,1117.94,159.705714285714,3.46443089430894,1659.86823170732
16431,3,642.81,214.27,1.48475609756098,954.416067073171
16432,1,287.4,287.4,0.494918699186992,426.718902439024
16433,2,384.52,192.26,0.989837398373984,570.918414634146
16434,12,2741.74,228.478333333333,5.9390243902439,4070.81518292683
16435,3,1011.57,337.19,1.48475609756098,1501.93472560976
16436,3,329.34,109.78,1.48475609756098,488.989573170732
16437,2,301.25,150.625,0.989837398373984,447.282774390244
16438,5,798.35,159.67,2.47459349593496,1185.3550304878
16439,1,310.7,310.7,0.494918699186992,461.313719512195
16440,6,3856.97,642.828333333333,2.96951219512195,5726.65972560976
16441,5,1034.43,206.886,2.47459349593496,1535.87625
16442,5,899.47,179.894,2.47459349593496,1335.49356707317
16443,1,162.24,162.24,0.494918699186992,240.886829268293
16444,17,3656.58,215.092941176471,8.41361788617886,5429.12945121951
16445,4,602.73,150.6825,1.97967479674797,894.907042682927
16446,2,168472.5,84236.25,0.989837398373984,250140.571646341
16447,3,775.14,258.38,1.48475609756098,1150.89384146341
16448,2,367.87,183.935,0.989837398373984,546.197225609756
16449,2,707.69,353.845,0.989837398373984,1050.74704268293
16450,3,1505.73,501.91,1.48475609756098,2235.64179878049
16451,3,1013.15,337.716666666667,1.48475609756098,1504.2806402439
16452,2,332.17,166.085,0.989837398373984,493.191432926829
16453,2,251.71,125.855,0.989837398373984,373.727957317073
16454,4,30.95,7.7375,1.97967479674797,45.9532012195122
16455,11,4384.37,398.579090909091,5.44410569105691,6509.72009146341
16456,13,6862.91,527.916153846154,6.43394308943089,10189.7474695122
16457,1,208.36,208.36,0.494918699186992,309.363780487805
16458,30,5715.34,190.511333333333,14.8475609756098,8485.88591463415
16459,1,71.79,71.79,0.494918699186992,106.590640243902
16460,3,814.72,271.573333333333,1.48475609756098,1209.66048780488
16461,3,1615.22,538.406666666667,1.48475609756098,2398.20774390244
16462,3,136,45.3333333333333,1.48475609756098,201.926829268293
16463,4,1422.4,355.6,1.97967479674797,2111.91707317073
16464,3,1314.68,438.226666666667,1.48475609756098,1951.97914634146
16465,2,746.24,373.12,0.989837398373984,1107.9843902439
16466,15,3838.59,255.906,7.42378048780488,5699.36990853659
16467,7,2869.16,409.88,3.46443089430894,4260.00280487805
16468,3,787.52,262.506666666667,1.48475609756098,1169.27512195122
16469,5,828.91,165.782,2.47459349593496,1230.72917682927
16470,11,2458.6,223.509090909091,5.44410569105691,3650.42134146341
16471,4,1189.98,297.495,1.97967479674797,1766.83006097561
16472,2,789.6,394.8,0.989837398373984,1172.36341463415
16473,4,470.83,117.7075,1.97967479674797,699.067713414634
16474,7,1871.5,267.357142857143,3.46443089430894,2778.72103658537
16475,4,544.3,136.075,1.97967479674797,808.152743902439
16476,1,350.35,350.35,0.494918699186992,520.184298780488
16477,11,4320.02,392.729090909091,5.44410569105691,6414.17603658537
16478,3,331,110.333333333333,1.48475609756098,491.454268292683
16479,2,300.83,150.415,0.989837398373984,446.659176829268
16480,1,769.29,769.29,0.494918699186992,1142.20801829268
16481,1,453.38,453.38,0.494918699186992,673.158719512195
16482,1,220.62,220.62,0.494918699186992,327.566890243902
16483,1,139.35,139.35,0.494918699186992,206.900762195122
16484,2,404.3,202.15,0.989837398373984,600.286890243902
16485,5,2294.68,458.936,2.47459349593496,3407.04012195122
16486,1,134.36,134.36,0.494918699186992,199.491829268293
16487,2,209.4,104.7,0.989837398373984,310.907926829268
16488,3,498.8,166.266666666667,1.48475609756098,740.596341463415
16489,2,303.7,151.85,0.989837398373984,450.920426829268
16490,1,205.41,205.41,0.494918699186992,304.98375
16491,2,1533.16,766.58,0.989837398373984,2276.36865853659
16492,1,385.56,385.56,0.494918699186992,572.46256097561
16493,7,2132.09,304.584285714286,3.46443089430894,3165.63362804878
16494,1,826.53,826.53,0.494918699186992,1227.19545731707
16495,3,684.41,228.136666666667,1.48475609756098,1016.18192073171
16496,6,2330.77,388.461666666667,2.96951219512195,3460.62496951219
16497,23,6695.28,291.099130434783,11.3831300813008,9940.85780487805
16498,2,100.97,50.485,0.989837398373984,149.915823170732
16499,8,2578.34,322.2925,3.95934959349593,3828.20603658537
16500,9,843.91,93.7677777777778,4.45426829268293,1253.00051829268
16501,1,1237.23,1237.23,0.494918699186992,1836.98478658537
16502,2,266.5,133.25,0.989837398373984,395.6875
16503,11,3614.34,328.576363636364,5.44410569105691,5366.41335365854
16504,1,484.38,484.38,0.494918699186992,719.186158536585
16505,1,777.6,777.6,0.494918699186992,1154.54634146341
16506,2,90.3,45.15,0.989837398373984,134.073475609756
16507,1,152.76,152.76,0.494918699186992,226.811341463415
16508,1,248.8,248.8,0.494918699186992,369.407317073171
16509,1,363.7,363.7,0.494918699186992,540.005792682927
16510,6,2100,350,2.96951219512195,3117.98780487805
16511,6,1819.02,303.17,2.96951219512195,2700.80103658537
16513,4,874.59,218.6475,1.97967479674797,1298.55283536585
16515,10,3216.3,321.63,4.94918699186992,4775.42103658537
16516,1,101.7,101.7,0.494918699186992,150.999695121951
16517,1,162.7,162.7,0.494918699186992,241.569817073171
16518,4,959.37,239.8425,1.97967479674797,1424.43045731707
16519,4,556.26,139.065,1.97967479674797,825.910426829268
16520,6,2482.62,413.77,2.96951219512195,3686.08518292683
16521,3,1148.01,382.67,1.48475609756098,1704.51484756098
16522,2,433.36,216.68,0.989837398373984,643.433902439024
16523,28,11916.33,425.583214285714,13.8577235772358,17692.8436280488
16524,2,308.14,154.07,0.989837398373984,457.512743902439
16525,48,24582.64,512.138333333333,23.7560975609756,36499.2246341463
16526,2,717.21,358.605,0.989837398373984,1064.88192073171
16527,2,1272.44,636.22,0.989837398373984,1889.26304878049
16528,1,244.41,244.41,0.494918699186992,362.889237804878
16529,4,2012,503,1.97967479674797,2987.32926829268
16530,1,48.35,48.35,0.494918699186992,71.7879573170732
16531,11,2298.33,208.939090909091,5.44410569105691,3412.45948170732
16532,5,8756.64,1751.328,2.47459349593496,13001.4746341463
16533,3,1095.56,365.186666666667,1.48475609756098,1626.6393902439
16534,1,635.9,635.9,0.494918699186992,944.156402439024
16535,3,1001.59,333.863333333333,1.48475609756098,1487.1168597561
16536,1,548.97,548.97,0.494918699186992,815.086554878049
16537,1,23.35,23.35,0.494918699186992,34.6690548780488
16538,3,399.62,133.206666666667,1.48475609756098,593.338231707317
16539,10,3732.01,373.201,4.94918699186992,5541.12460365854
16540,1,226.7,226.7,0.494918699186992,336.594207317073
16541,1,424.03,424.03,0.494918699186992,629.58112804878
16542,2,257.32,128.66,0.989837398373984,382.05743902439
16543,1,292.21,292.21,0.494918699186992,433.860579268293
16544,4,376.7,94.175,1.97967479674797,559.30762195122
16545,2,689.82,344.91,0.989837398373984,1024.21445121951
16546,5,5606.47,1121.294,2.47459349593496,8324.24051829268
16547,1,111.71,111.71,0.494918699186992,165.862103658537
16548,1,30.15,30.15,0.494918699186992,44.7653963414634
16549,34,13182.19,387.711470588235,16.8272357723577,19572.3369817073
16550,18,9435.13,524.173888888889,8.90853658536585,14008.8667987805
16551,7,2237.12,319.588571428571,3.46443089430894,3321.57756097561
16552,2,475.02,237.51,0.989837398373984,705.288841463415
16553,33,16644.01,504.363939393939,16.3323170731707,24712.2953353659
16554,8,2841.72,355.215,3.95934959349593,4219.26109756098
16555,6,1915.68,319.28,2.96951219512195,2844.31756097561
16556,17,8012.58,471.328235294118,8.41361788617886,11896.7270121951
16557,2,281.85,140.925,0.989837398373984,418.478506097561
16558,38,13873.51,365.092368421053,18.8069105691057,20598.7785670732
16559,1,185.2,185.2,0.494918699186992,274.976829268293
16560,8,3048.38,381.0475,3.95934959349593,4526.10079268293
16561,2,511.12,255.56,0.989837398373984,758.888536585366
16562,1,223.86,223.86,0.494918699186992,332.3775
16563,6,4422.76,737.126666666667,2.96951219512195,6566.71987804878
16564,1,87.8,87.8,0.494918699186992,130.361585365854
16565,4,773.05,193.2625,1.97967479674797,1147.79070121951
16566,5,614.66,122.932,2.47459349593496,912.620182926829
16567,2,865.6,432.8,0.989837398373984,1285.20487804878
16568,2,1020.9,510.45,0.989837398373984,1515.7875
16569,5,1455.23,291.046,2.47459349593496,2160.66161585366
16570,20,7434.31,371.7155,9.89837398373984,11038.1371036585
16571,10,4248.74,424.874,4.94918699186992,6308.34262195122
16572,3,1009.6,336.533333333333,1.48475609756098,1499.00975609756
16573,2,663.61,331.805,0.989837398373984,985.298993902439
16574,3,1301.78,433.926666666667,1.48475609756098,1932.82579268293
16576,2,540.87,270.435,0.989837398373984,803.060030487805
16577,1,380,380,0.494918699186992,564.207317073171
16578,1,156.6,156.6,0.494918699186992,232.512804878049
16579,1,295.05,295.05,0.494918699186992,438.077286585366
16581,1,105.84,105.84,0.494918699186992,157.146585365854
16582,1,313.62,313.62,0.494918699186992,465.649207317073
16583,2,531.4,265.7,0.989837398373984,788.999390243902
16584,5,3163.67,632.734,2.47459349593496,4697.27832317073
16585,2,341.59,170.795,0.989837398373984,507.177835365854
16586,3,1462.78,487.593333333333,1.48475609756098,2171.87152439024
16587,1,225.15,225.15,0.494918699186992,334.292835365854
16588,4,1361.28,340.32,1.97967479674797,2021.1687804878
16589,4,612.36,153.09,1.97967479674797,909.205243902439
16590,2,605.9,302.95,0.989837398373984,899.613719512195
16591,1,213.5,213.5,0.494918699186992,316.995426829268
16592,28,7807.91,278.853928571429,13.8577235772358,11592.8419817073
16593,8,1071.14,133.8925,3.95934959349593,1590.38164634146
16594,1,181.09,181.09,0.494918699186992,268.874481707317
16595,5,1810.18,362.036,2.47459349593496,2687.67579268293
16596,4,579.63,144.9075,1.97967479674797,860.609176829268
16597,1,90.04,90.04,0.494918699186992,133.68743902439
16598,1,145.05,145.05,0.494918699186992,215.363871951219
16599,1,172.8,172.8,0.494918699186992,256.565853658537
16600,13,2153.41,165.646923076923,6.43394308943089,3197.28862804878
16601,3,684.25,228.083333333333,1.48475609756098,1015.9443597561
16602,2,763.33,381.665,0.989837398373984,1133.35887195122
16603,2,482.47,241.235,0.989837398373984,716.350274390244
16604,2,432.45,216.225,0.989837398373984,642.082774390244
16605,1,60.48,60.48,0.494918699186992,89.7980487804878
16606,2,357.66,178.83,0.989837398373984,531.037865853659
16607,25,5706.87,228.2748,12.3729674796748,8473.3100304878
16608,2,1288.72,644.36,0.989837398373984,1913.43487804878
16609,7,5493.46,784.78,3.46443089430894,8156.44823170732
16610,1,75.66,75.66,0.494918699186992,112.336646341463
16611,6,1785.13,297.521666666667,2.96951219512195,2650.48265243902
16612,9,3245.43,360.603333333333,4.45426829268293,4818.67198170732
16613,1,618.59,618.59,0.494918699186992,918.455274390244
16614,3,1179.79,393.263333333333,1.48475609756098,1751.70039634146
16615,1,291.5,291.5,0.494918699186992,432.806402439024
16616,2,500.42,250.21,0.989837398373984,743.001646341463
16617,1,151.85,151.85,0.494918699186992,225.460213414634
16618,5,2647.59,529.518,2.47459349593496,3931.02539634146
16619,4,1938.33,484.5825,1.97967479674797,2877.94728658537
16620,6,1758.93,293.155,2.96951219512195,2611.58204268293
16621,4,813.48,203.37,1.97967479674797,1207.8193902439
16622,1,225.4,225.4,0.494918699186992,334.664024390244
16623,4,1015.24,253.81,1.97967479674797,1507.3837804878
16624,2,810.57,405.285,0.989837398373984,1203.49875
16625,5,1654.03,330.806,2.47459349593496,2455.83112804878
16626,17,4413.1,259.594117647059,8.41361788617886,6552.37713414634
16627,1,322.8,322.8,0.494918699186992,479.279268292683
16628,7,2318.1,331.157142857143,3.46443089430894,3441.8131097561
16629,2,417.73,208.865,0.989837398373984,620.227164634146
16630,1,106.8,106.8,0.494918699186992,158.571951219512
16631,7,1892.52,270.36,3.46443089430894,2809.9306097561
16632,2,406.4,203.2,0.989837398373984,603.40487804878
16633,6,2883.1,480.516666666667,2.96951219512195,4280.70030487805
16634,6,1814.61,302.435,2.96951219512195,2694.25326219512
16635,1,473,473,0.494918699186992,702.289634146341
16636,4,3802.04,950.51,1.97967479674797,5645.10207317073
16637,4,1154.47,288.6175,1.97967479674797,1714.10637195122
16638,15,2430.53,162.035333333333,7.42378048780488,3608.74423780488
16639,4,1747.98,436.995,1.97967479674797,2595.32396341463
16640,1,179.4,179.4,0.494918699186992,266.365243902439
16641,2,554.5,277.25,0.989837398373984,823.297256097561
16642,3,1077.45,359.15,1.48475609756098,1599.75045731707
16643,2,923.11,461.555,0.989837398373984,1370.59320121951
16644,2,833.78,416.89,0.989837398373984,1237.95993902439
16645,1,160.39,160.39,0.494918699186992,238.140030487805
16646,1,678.8,678.8,0.494918699186992,1007.85243902439
16647,4,541.9,135.475,1.97967479674797,804.589329268293
16648,3,672.8,224.266666666667,1.48475609756098,998.943902439024
16649,1,306.58,306.58,0.494918699186992,455.196524390244
16650,7,1916.11,273.73,3.46443089430894,2844.95600609756
16651,1,136.2,136.2,0.494918699186992,202.223780487805
16652,16,17550.39,1096.899375,7.91869918699187,26058.0485670732
16653,2,1212.66,606.33,0.989837398373984,1800.50432926829
16654,8,1711.47,213.93375,3.95934959349593,2541.11551829268
16655,13,6548.37,503.720769230769,6.43394308943089,9722.73228658536
16656,30,16833.17,561.105666666667,14.8475609756098,24993.1517987805
16657,4,933.62,233.405,1.97967479674797,1386.19798780488
16658,6,814.07,135.678333333333,2.96951219512195,1208.69539634146
16659,1,39.12,39.12,0.494918699186992,58.0836585365854
16660,7,1879.55,268.507142857143,3.46443089430894,2790.67332317073
16661,4,986.63,246.6575,1.97967479674797,1464.90490853659
16662,1,163.8,163.8,0.494918699186992,243.203048780488
16663,1,165,165,0.494918699186992,244.984756097561
16664,1,109.2,109.2,0.494918699186992,162.135365853659
16665,1,135.4,135.4,0.494918699186992,201.035975609756
16666,2,225.94,112.97,0.989837398373984,335.465792682927
16667,2,570.13,285.065,0.989837398373984,846.503993902439
16668,13,862.42,66.34,6.43394308943089,1280.48335365854
16669,3,1374.87,458.29,1.48475609756098,2041.34661585366
16670,20,8030.15,401.5075,9.89837398373984,11922.8141768293
16671,3,1692.27,564.09,1.48475609756098,2512.60820121951
16672,20,8134.94,406.747,9.89837398373984,12078.4017682927
16673,1,188.83,188.83,0.494918699186992,280.366493902439
16674,2,319.61,159.805,0.989837398373984,474.542896341463
16675,2,608.86,304.43,0.989837398373984,904.008597560976
16676,6,2361.9,393.65,2.96951219512195,3506.84542682927
16677,2,880.62,440.31,0.989837398373984,1307.50591463415
16678,12,3109.99,259.165833333333,5.9390243902439,4617.57661585366
16679,3,793.06,264.353333333333,1.48475609756098,1177.50067073171
16680,3,821.45,273.816666666667,1.48475609756098,1219.65289634146
16681,7,1921.84,274.548571428571,3.46443089430894,2853.46365853658
16682,5,1028,205.6,2.47459349593496,1526.32926829268
16683,1,320.25,320.25,0.494918699186992,475.493140243902
16684,55,147142.77,2675.32309090909,27.2205284552846,218471.124969512
16685,2,324.24,162.12,0.989837398373984,481.417317073171
16686,16,5070.92,316.9325,7.91869918699187,7529.0793902439
16687,1,157.63,157.63,0.494918699186992,234.042103658537
16688,4,1260.86,315.215,1.97967479674797,1872.06957317073
16689,2,422.6,211.3,0.989837398373984,627.457926829268
16690,4,353.03,88.2575,1.97967479674797,524.163445121951
16691,2,178.83,89.415,0.989837398373984,265.518932926829
16692,4,1914.7,478.675,1.97967479674797,2842.8625
16693,5,1199.46,239.892,2.47459349593496,1780.90554878049
16694,1,98.3,98.3,0.494918699186992,145.951524390244
16695,2,193.15,96.575,0.989837398373984,286.780640243902
16696,4,657.9,164.475,1.97967479674797,976.821036585366
16697,1,112.75,112.75,0.494918699186992,167.40625
16698,2,1998,999,0.989837398373984,2966.54268292683
16699,7,994.6,142.085714285714,3.46443089430894,1476.73841463415
16700,25,9167.71,366.7084,12.3729674796748,13611.8133231707
16701,26,9916.73,381.412692307692,12.8678861788618,14723.9253353659
16702,4,1110.83,277.7075,1.97967479674797,1649.31161585366
16704,2,695.66,347.83,0.989837398373984,1032.88542682927
16705,42,43515.051,1036.07264285714,20.7865853658537,64609.2373079268
16706,3,531.35,177.116666666667,1.48475609756098,788.925152439024
16707,4,551.11,137.7775,1.97967479674797,818.263932926829
16708,1,656.63,656.63,0.494918699186992,974.935396341463
16709,14,9087.46,649.104285714286,6.92886178861789,13492.6616463415
16710,22,6349.09,288.595,10.8882113821138,9426.85009146342
16711,9,2868.48,318.72,4.45426829268293,4258.99317073171
16712,13,4266.99,328.23,6.43394308943089,6335.43942073171
16713,32,14560.69,455.0215625,15.8373983739837,21619.0732621951
16714,4,1529.8,382.45,1.97967479674797,2271.37987804878
16715,2,625.52,312.76,0.989837398373984,928.744634146341
16716,3,2149.68,716.56,1.48475609756098,3191.75048780488
16717,14,6986.23,499.016428571429,6.92886178861789,10372.8475914634
16718,5,3647.53,729.506,2.47459349593496,5415.69240853659
16719,14,3973.3,283.807142857143,6.92886178861789,5899.38140243902
16720,3,795.48,265.16,1.48475609756098,1181.0937804878
16721,1,292.47,292.47,0.494918699186992,434.246615853659
16722,22,8989.08,408.594545454545,10.8882113821138,13346.5913414634
16723,4,1301.63,325.4075,1.97967479674797,1932.60307926829
16724,1,147.35,147.35,0.494918699186992,218.77881097561
16725,14,1882.11,134.436428571429,6.92886178861789,2794.47429878049
16726,7,2088.41,298.344285714286,3.46443089430894,3100.77948170732
16727,4,1437.42,359.355,1.97967479674797,2134.2181097561
16728,4,1054.67,263.6675,1.97967479674797,1565.92771341463
16729,21,7239.92,344.758095238095,10.3932926829268,10749.5153658537
16730,3,743.11,247.703333333333,1.48475609756098,1103.33710365854
16731,1,174.05,174.05,0.494918699186992,258.421798780488
16732,4,4387.64,1096.91,1.97967479674797,6514.57524390244
16733,1,259.68,259.68,0.494918699186992,385.561463414634
16734,3,650.51,216.836666666667,1.48475609756098,965.84868902439
16735,14,6270.56,447.897142857143,6.92886178861789,9310.25219512195
16736,5,2956.56,591.312,2.47459349593496,4389.77048780488
16737,2,835.2,417.6,0.989837398373984,1240.06829268293
16738,1,3.75,3.75,0.494918699186992,5.56783536585366
16739,2,786.43,393.215,0.989837398373984,1167.65673780488
16740,1,236.81,236.81,0.494918699186992,351.605091463415
16741,1,173.06,173.06,0.494918699186992,256.951890243902
16742,14,2852.61,203.757857142857,6.92886178861789,4235.43009146341
16743,14,4253.26,303.804285714286,6.92886178861789,6315.0537195122
16744,7,1304.76,186.394285714286,3.46443089430894,1937.25036585366
16745,17,7194.3,423.194117647059,8.41361788617886,10681.7807926829
16746,42,18066.4,430.152380952381,20.7865853658537,26824.1975609756
16747,2,836.06,418.03,0.989837398373984,1241.34518292683
16748,14,3637.33,259.809285714286,6.92886178861789,5400.54789634146
16749,2,4387.08,2193.54,0.989837398373984,6513.7437804878
16750,5,623.93,124.786,2.47459349593496,926.383871951219
16751,1,1764.72,1764.72,0.494918699186992,2620.1787804878
16752,1,415,415,0.494918699186992,616.173780487805
16753,1,223.92,223.92,0.494918699186992,332.466585365854
16754,29,67502.47,2327.67137931034,14.3526422764228,100224.703932927
16755,7,2900.58,414.368571428571,3.46443089430894,4306.65384146341
16756,7,1312.37,187.481428571429,3.46443089430894,1948.5493597561
16757,2,270.48,135.24,0.989837398373984,401.596829268293
16758,1,369.34,369.34,0.494918699186992,548.379817073171
16759,3,789.79,263.263333333333,1.48475609756098,1172.64551829268
16760,1,228,228,0.494918699186992,338.524390243902
16761,1,316.62,316.62,0.494918699186992,470.103475609756
16762,3,1501.38,500.46,1.48475609756098,2229.1831097561
16763,2,964.7,482.35,0.989837398373984,1432.34420731707
16764,13,2799.25,215.326923076923,6.43394308943089,4156.20350609756
16765,2,454.75,227.375,0.989837398373984,675.192835365854
16766,2,1145.6,572.8,0.989837398373984,1700.93658536585
16767,15,8073.8,538.253333333333,7.42378048780488,11987.6237804878
16768,9,1708.12,189.791111111111,4.45426829268293,2536.14158536585
16769,4,1141.75,285.4375,1.97967479674797,1695.22027439024
16770,9,1932.13,214.681111111111,4.45426829268293,2868.74179878049
16771,10,3967.6,396.76,4.94918699186992,5890.91829268293
16772,3,3723.55,1241.18333333333,1.48475609756098,5528.56356707317
16773,3,421.24,140.413333333333,1.48475609756098,625.438658536585
16774,8,1594.45,199.30625,3.95934959349593,2367.3693597561
16775,16,3056.89,191.055625,7.91869918699187,4538.73606707317
16776,2,619.85,309.925,0.989837398373984,920.326067073171
16777,5,1307.76,261.552,2.47459349593496,1941.70463414634
16778,2,245.94,122.97,0.989837398373984,365.160914634146
16779,53,33268.24,627.702641509434,26.2306910569106,49395.2221951219
16780,3,605.55,201.85,1.48475609756098,899.094054878049
16781,2,934.25,467.125,0.989837398373984,1387.13338414634
16782,38,10438.41,274.695,18.8069105691057,15498.4928963415
16783,1,391.95,391.95,0.494918699186992,581.950152439024
16784,5,896.53,179.306,2.47459349593496,1331.12838414634
16785,1,533.78,533.78,0.494918699186992,792.533109756097
16786,1,51.84,51.84,0.494918699186992,76.969756097561
16787,4,1035.43,258.8575,1.97967479674797,1537.36100609756
16788,5,1950.3,390.06,2.47459349593496,2895.71981707317
16789,1,80.8,80.8,0.494918699186992,119.968292682927
16790,6,1545.62,257.603333333333,2.96951219512195,2294.8687195122
16791,15,4038.69,269.246,7.42378048780488,5996.46960365854
16792,5,623.46,124.692,2.47459349593496,925.686036585366
16793,1,243.84,243.84,0.494918699186992,362.042926829268
16794,15,2090.91,139.394,7.42378048780488,3104.49137195122
16795,3,2492.39,830.796666666667,1.48475609756098,3700.59125
16796,1,305.62,305.62,0.494918699186992,453.771158536585
16797,5,1827.77,365.554,2.47459349593496,2713.79265243902
16798,3,848.71,282.903333333333,1.48475609756098,1260.12734756098
16799,2,495.98,247.99,0.989837398373984,736.409329268293
16800,1,1201.49,1201.49,0.494918699186992,1783.91960365854
16801,4,1619.73,404.9325,1.97967479674797,2404.90399390244
16802,2,582.61,291.305,0.989837398373984,865.03375
16803,1,332.3,332.3,0.494918699186992,493.384451219512
16804,3,536.99,178.996666666667,1.48475609756098,797.299176829268
16805,5,1097.24,219.448,2.47459349593496,1629.1337804878
16806,4,801.49,200.3725,1.97967479674797,1190.01716463415
16807,6,2123.88,353.98,2.96951219512195,3153.4437804878
16808,2,288.42,144.21,0.989837398373984,428.233353658537
16809,9,1727.43,191.936666666667,4.45426829268293,2564.81222560976
16810,2,842.04,421.02,0.989837398373984,1250.22402439024
16811,2,547.07,273.535,0.989837398373984,812.265518292683
16812,4,2392,598,1.97967479674797,3551.53658536585
16813,10,1692.98,169.298,4.94918699186992,2513.66237804878
16814,36,12499.71,347.214166666667,17.8170731707317,18559.0206402439
16815,2,410.97,205.485,0.989837398373984,610.190213414634
16816,4,417.06,104.265,1.97967479674797,619.23237804878
16817,13,2804.9,215.761538461538,6.43394308943089,4164.59237804878
16818,11,3349.57,304.506363636364,5.44410569105691,4973.29448170732
16819,2,182.59,91.295,0.989837398373984,271.101615853659
16820,1,497.61,497.61,0.494918699186992,738.829481707317
16821,1,113.35,113.35,0.494918699186992,168.297103658537
16822,1,181.39,181.39,0.494918699186992,269.319908536585
16823,7,2260.09,322.87,3.46443089430894,3355.68240853659
16824,3,686.24,228.746666666667,1.48475609756098,1018.89902439024
16825,5,1826.89,365.378,2.47459349593496,2712.48606707317
16826,1,341.7,341.7,0.494918699186992,507.341158536585
16827,5,392.13,78.426,2.47459349593496,582.217408536585
16828,2,128.5,64.25,0.989837398373984,190.791158536585
16829,2,513.32,256.66,0.989837398373984,762.155
16830,4,1207.5,301.875,1.97967479674797,1792.84298780488
16831,1,91.8,91.8,0.494918699186992,136.300609756098
16832,5,417.61,83.522,2.47459349593496,620.048993902439
16833,6,2409.04,401.506666666667,2.96951219512195,3576.83682926829
16834,2,898.96,449.48,0.989837398373984,1334.73634146341
16835,6,1538.41,256.401666666667,2.96951219512195,2284.16362804878
16836,4,782.37,195.5925,1.97967479674797,1161.62862804878
16837,11,3170.98,288.270909090909,5.44410569105691,4708.1318902439
16838,4,1159.61,289.9025,1.97967479674797,1721.73801829268
16839,44,22310.49,507.056590909091,21.7764227642276,33125.6360670732
16840,2,139.85,69.925,0.989837398373984,207.643140243902
16841,12,4006.06,333.838333333333,5.9390243902439,5948.02201219512
16842,3,1264.19,421.396666666667,1.48475609756098,1877.01381097561
16843,35,19571.43,559.183714285714,17.3221544715447,29058.8000304878
16844,2,614.34,307.17,0.989837398373984,912.14506097561
16845,1,253.88,253.88,0.494918699186992,376.94987804878
16846,3,842.41,280.803333333333,1.48475609756098,1250.77338414634
16847,2,614.89,307.445,0.989837398373984,912.961676829268
16848,4,1411.62,352.905,1.97967479674797,2095.91140243902
16849,1,124.57,124.57,0.494918699186992,184.956067073171
16850,1,332.41,332.41,0.494918699186992,493.547774390244
16851,3,342.45,114.15,1.48475609756098,508.454725609756
16852,2,144.91,72.455,0.989837398373984,215.156006097561
16854,2,1408.96,704.48,0.989837398373984,2091.96195121951
16855,2,328.4,164.2,0.989837398373984,487.593902439024
16856,3,358.49,119.496666666667,1.48475609756098,532.270213414634
16857,1,352.8,352.8,0.494918699186992,523.821951219512
16858,10,4668.28,466.828,4.94918699186992,6931.25719512195
16859,7,1932.41,276.058571428571,3.46443089430894,2869.1575304878
16860,3,1610.62,536.873333333333,1.48475609756098,2391.37786585366
16861,5,946.59,189.318,2.47459349593496,1405.45527439024
16862,4,662.33,165.5825,1.97967479674797,983.398506097561
16863,3,998.52,332.84,1.48475609756098,1482.55865853659
16864,2,409.25,204.625,0.989837398373984,607.636432926829
16865,1,130.95,130.95,0.494918699186992,194.42881097561
16866,3,207.74,69.2466666666667,1.48475609756098,308.443231707317
16867,1,76.74,76.74,0.494918699186992,113.940182926829
16868,3,393.39,131.13,1.48475609756098,584.088201219512
16869,4,825.42,206.355,1.97967479674797,1225.54737804878
16870,1,450.16,450.16,0.494918699186992,668.377804878049
16871,6,2812.34,468.723333333333,2.96951219512195,4175.63896341463
16872,6,1213.13,202.188333333333,2.96951219512195,1801.20216463415
16873,12,14617.39,1218.11583333333,5.9390243902439,21703.2589329268
16874,1,217.74,217.74,0.494918699186992,323.290792682927
16875,11,4234.53,384.957272727273,5.44410569105691,6287.24423780488
16876,1,136.01,136.01,0.494918699186992,201.941676829268
16877,6,853.72,142.286666666667,2.96951219512195,1267.56597560976
16878,1,13.3,13.3,0.494918699186992,19.747256097561
16880,8,1840.86,230.1075,3.95934959349593,2733.2281097561
16881,1,432,432,0.494918699186992,641.414634146341
16882,3,705.12,235.04,1.48475609756098,1046.93121951219
16883,19,2396.59,126.136315789474,9.40345528455284,3558.35161585366
16884,4,1073.92,268.48,1.97967479674797,1594.50926829268
16885,4,710.74,177.685,1.97967479674797,1055.27554878049
16886,1,134,134,0.494918699186992,198.957317073171
16887,3,660.72,220.24,1.48475609756098,981.008048780488
16888,3,437.15,145.716666666667,1.48475609756098,649.06112804878
16889,6,2530.9,421.816666666667,2.96951219512195,3757.76920731707
16890,3,285.41,95.1366666666667,1.48475609756098,423.764237804878
16891,11,2056.82,186.983636363636,5.44410569105691,3053.87603658537
16892,7,762.1,108.871428571429,3.46443089430894,1131.53262195122
16893,2,401.77,200.885,0.989837398373984,596.530457317073
16894,3,1324.06,441.353333333333,1.48475609756098,1965.90615853659
16895,5,1121.42,224.284,2.47459349593496,1665.03518292683
16896,1,103.95,103.95,0.494918699186992,154.340396341463
16897,2,289.78,144.89,0.989837398373984,430.252621951219
16898,5,1016.37,203.274,2.47459349593496,1509.06155487805
16899,8,1721.02,215.1275,3.95934959349593,2555.29493902439
16900,3,887.11,295.703333333333,1.48475609756098,1317.14198170732
16901,1,204.26,204.26,0.494918699186992,303.276280487805
16902,1,1706.88,1706.88,0.494918699186992,2534.30048780488
16903,3,1062.28,354.093333333333,1.48475609756098,1577.22670731707
16904,21,5132.37,244.398571428571,10.3932926829268,7620.31765243902
16905,17,5034.15,296.126470588235,8.41361788617886,7474.48490853658
16906,7,1448.8,206.971428571429,3.46443089430894,2151.11463414634
16907,9,1707.9,189.766666666667,4.45426829268293,2535.81493902439
16908,1,252.59,252.59,0.494918699186992,375.034542682927
16909,1,379.14,379.14,0.494918699186992,562.930426829268
16910,8,1510.06,188.7575,3.95934959349593,2242.07079268293
16911,2,255.25,127.625,0.989837398373984,378.983993902439
16912,15,4480.31,298.687333333333,7.42378048780488,6652.16759146341
16913,3,423.91,141.303333333333,1.48475609756098,629.402957317073
16914,1,208.46,208.46,0.494918699186992,309.512256097561
16915,11,1543.18,140.289090909091,5.44410569105691,2291.24591463415
16916,4,1123.4,280.85,1.97967479674797,1667.975
16917,2,1857.83,928.915,0.989837398373984,2758.42442073171
16918,16,3213.29,200.830625,7.91869918699187,4770.95192073171
16919,24,5125.91,213.579583333333,11.8780487804878,7610.72612804878
16920,1,355.45,355.45,0.494918699186992,527.756554878049
16921,3,446.67,148.89,1.48475609756098,663.196006097561
16922,1,611.08,611.08,0.494918699186992,907.304756097561
16923,32,13378.36,418.07375,15.8373983739837,19863.6015853659
16924,3,846.75,282.25,1.48475609756098,1257.21722560976
16925,1,125.65,125.65,0.494918699186992,186.559603658537
16926,5,1421.35,284.27,2.47459349593496,2110.35807926829
16927,3,543.05,181.016666666667,1.48475609756098,806.296798780488
16928,29,4113.23,141.835517241379,14.3526422764228,6107.14332317073
16929,7,1295.39,185.055714285714,3.46443089430894,1923.33820121951
16930,3,380.55,126.85,1.48475609756098,565.023932926829
16931,23,5233.62,227.548695652174,11.3831300813008,7770.64920731707
16932,3,440.71,146.903333333333,1.48475609756098,654.346859756098
16933,9,3181.25,353.472222222222,4.45426829268293,4723.38033536585
16934,6,2110.99,351.831666666667,2.96951219512195,3134.30527439024
16935,3,535.1,178.366666666667,1.48475609756098,794.492987804878
16936,2,551.17,275.585,0.989837398373984,818.353018292683
16937,1,202.1,202.1,0.494918699186992,300.069207317073
16938,9,7043.18,782.575555555556,4.45426829268293,10457.4044512195
16939,3,449,149.666666666667,1.48475609756098,666.655487804878
16940,8,6427.66,803.4575,3.95934959349593,9543.50737804878
16941,1,33,33,0.494918699186992,48.9969512195122
16942,9,1920.59,213.398888888889,4.45426829268293,2851.60771341463
16943,5,1299.49,259.898,2.47459349593496,1929.42570121951
16944,1,101.36,101.36,0.494918699186992,150.49487804878
16945,33,8548.16,259.035151515151,16.3323170731707,12691.9326829268
16946,5,1222.04,244.408,2.47459349593496,1814.43134146341
16947,5,955.21,191.042,2.47459349593496,1418.25387195122
16948,7,868.77,124.11,3.46443089430894,1289.91155487805
16949,6,1286.27,214.378333333333,2.96951219512195,1909.79722560976
16950,10,3784.37,378.437,4.94918699186992,5618.86643292683
16951,3,1277.75,425.916666666667,1.48475609756098,1897.14710365854
16952,5,798.78,159.756,2.47459349593496,1185.99347560976
16953,1,20.8,20.8,0.494918699186992,30.8829268292683
16954,20,6081.88,304.094,9.89837398373984,9030.10841463415
16955,6,1309.41,218.235,2.96951219512195,1944.15448170732
16956,1,308.74,308.74,0.494918699186992,458.403597560976
16957,2,416.64,208.32,0.989837398373984,618.608780487805
16958,1,809.44,809.44,0.494918699186992,1201.82097560976
16959,1,117.35,117.35,0.494918699186992,174.23612804878
16960,8,2043.43,255.42875,3.95934959349593,3033.99515243902
16961,3,794.56,264.853333333333,1.48475609756098,1179.72780487805
16962,1,251.04,251.04,0.494918699186992,372.733170731707
16963,1,110.55,110.55,0.494918699186992,164.139786585366
16964,2,207.85,103.925,0.989837398373984,308.606554878049
16965,1,201.19,201.19,0.494918699186992,298.718079268293
16966,7,2154.97,307.852857142857,3.46443089430894,3199.60484756097
16967,1,319.02,319.02,0.494918699186992,473.666890243902
16968,2,439.43,219.715,0.989837398373984,652.446371951219
16969,3,650.41,216.803333333333,1.48475609756098,965.700213414634
16970,1,71.4,71.4,0.494918699186992,106.011585365854
16971,1,357.21,357.21,0.494918699186992,530.369725609756
16972,2,786.25,393.125,0.989837398373984,1167.38948170732
16973,1,127,127,0.494918699186992,188.564024390244
16974,2,365.5,182.75,0.989837398373984,542.678353658536
16975,3,926.12,308.706666666667,1.48475609756098,1375.06231707317
16976,1,251.52,251.52,0.494918699186992,373.445853658537
16977,4,496,124,1.97967479674797,736.439024390244
16978,3,768.88,256.293333333333,1.48475609756098,1141.59926829268
16979,9,2859.74,317.748888888889,4.45426829268293,4246.01640243902
16980,3,1473.33,491.11,1.48475609756098,2187.53570121951
16982,1,384.06,384.06,0.494918699186992,570.235426829268
16983,11,3710.22,337.292727272727,5.44410569105691,5508.77176829268
16984,9,10754.8,1194.97777777778,4.45426829268293,15968.2548780488
16985,23,10923.16,474.92,11.3831300813008,16218.2284146341
16986,11,4888.75,444.431818181818,5.44410569105691,7258.60137195122
16987,11,2535.9,230.536363636364,5.44410569105691,3765.19298780488
16988,2,382.67,191.335,0.989837398373984,568.171615853659
16989,6,1133.25,188.875,2.96951219512195,1682.59984756098
16990,2,344,172,0.989837398373984,510.756097560976
16991,1,1041.21,1041.21,0.494918699186992,1545.94289634146
16992,13,5476.5,421.269230769231,6.43394308943089,8131.26676829268
16993,2,1950.95,975.475,0.989837398373984,2896.68490853659
16996,9,2123.61,235.956666666667,4.45426829268293,3153.04289634146
16997,3,702,234,1.48475609756098,1042.2987804878
16998,5,402,80.4,2.47459349593496,596.871951219512
16999,2,484.82,242.41,0.989837398373984,719.839451219512
17000,2,406.3,203.15,0.989837398373984,603.256402439024
17001,19,6640.8,349.515789473684,9.40345528455284,9859.96829268292
17002,7,2571.55,367.364285714286,3.46443089430894,3818.12454268293
17003,4,830.16,207.54,1.97967479674797,1232.58512195122
17004,4,2425.16,606.29,1.97967479674797,3600.77109756098
17005,2,742.36,371.18,0.989837398373984,1102.22353658537
17006,8,1636.32,204.54,3.95934959349593,2429.53609756098
17007,7,1120.1,160.014285714286,3.46443089430894,1663.07530487805
17008,1,81.36,81.36,0.494918699186992,120.799756097561
17009,1,242.06,242.06,0.494918699186992,359.40006097561
17010,1,195.36,195.36,0.494918699186992,290.061951219512
17011,3,671.7,223.9,1.48475609756098,997.310670731707
17012,1,384.16,384.16,0.494918699186992,570.383902439024
17014,3,586.33,195.443333333333,1.48475609756098,870.557042682927
17015,3,1842.56,614.186666666667,1.48475609756098,2735.75219512195
17016,1,552.4,552.4,0.494918699186992,820.179268292683
17017,29,14110.61,486.57275862069,14.3526422764228,20950.8142378049
17018,6,2287.7,381.283333333333,2.96951219512195,3396.67652439024
17019,11,4012.2,364.745454545455,5.44410569105691,5957.13841463415
17020,2,935.62,467.81,0.989837398373984,1389.1675
17021,6,1182.22,197.036666666667,2.96951219512195,1755.30835365854
17022,2,260,130,0.989837398373984,386.036585365854
17023,3,800.18,266.726666666667,1.48475609756098,1188.07213414634
17024,3,95.85,31.95,1.48475609756098,142.313871951219
17025,5,1510.64,302.128,2.47459349593496,2242.93195121951
17026,3,208.98,69.66,1.48475609756098,310.284329268293
17027,9,1327.11,147.456666666667,4.45426829268293,1970.43466463415
17028,3,1593.83,531.276666666667,1.48475609756098,2366.44881097561
17029,7,2137.3,305.328571428571,3.46443089430894,3173.36920731707
17030,1,146.87,146.87,0.494918699186992,218.06612804878
17031,6,2773.85,462.308333333333,2.96951219512195,4118.49070121951
17032,8,3004.6,375.575,3.95934959349593,4461.09817073171
17033,4,1332.79,333.1975,1.97967479674797,1978.86807926829
17034,5,1283.92,256.784,2.47459349593496,1906.30804878049
17035,4,613.59,153.3975,1.97967479674797,911.031493902439
17036,1,176.9,176.9,0.494918699186992,262.653353658537
17037,1,1267.32,1267.32,0.494918699186992,1881.66109756098
17038,2,743.17,371.585,0.989837398373984,1103.42618902439
17039,1,1954.99,1954.99,0.494918699186992,2902.68332317073
17040,2,463.25,231.625,0.989837398373984,687.813262195122
17041,6,1686.28,281.046666666667,2.96951219512195,2503.71451219512
17042,5,1044.38,208.876,2.47459349593496,1550.64957317073
17043,8,2616.55,327.06875,3.95934959349593,3884.93856707317
17044,12,11962.3,996.858333333333,5.9390243902439,17761.0978658537
17045,5,827.68,165.536,2.47459349593496,1228.90292682927
17046,5,1906.07,381.214,2.47459349593496,2830.04905487805
17047,6,2289.23,381.538333333333,2.96951219512195,3398.94820121951
17048,7,2071.68,295.954285714286,3.46443089430894,3075.93951219512
17049,19,9947.48,523.551578947368,9.40345528455284,14769.5815853659
17050,11,4691.79,426.526363636364,5.44410569105691,6966.16381097561
17051,4,714.39,178.5975,1.97967479674797,1060.69490853659
17052,1,413.75,413.75,0.494918699186992,614.317835365854
17053,1,498.48,498.48,0.494918699186992,740.121219512195
17054,5,1356.33,271.266,2.47459349593496,2013.81923780488
17055,1,239.55,239.55,0.494918699186992,355.673323170732
17056,1,128.6,128.6,0.494918699186992,190.939634146341
17057,1,294.74,294.74,0.494918699186992,437.617012195122
17058,3,1179.89,393.296666666667,1.48475609756098,1751.84887195122
17059,9,5602.53,622.503333333333,4.45426829268293,8318.39057926829
17060,1,234.24,234.24,0.494918699186992,347.789268292683
17061,11,5232.23,475.657272727273,5.44410569105691,7768.58539634146
17062,6,1208.22,201.37,2.96951219512195,1793.91201219512
17063,13,3638.53,279.886923076923,6.43394308943089,5402.32960365854
17064,3,859.35,286.45,1.48475609756098,1275.92515243902
17065,2,194.7,97.35,0.989837398373984,289.082012195122
17066,1,228.34,228.34,0.494918699186992,339.029207317073
17067,3,454.54,151.513333333333,1.48475609756098,674.881036585366
17068,47,9161.08,194.916595744681,23.2611788617886,13601.9693902439
17069,14,5794.28,413.877142857143,6.92886178861789,8603.09256097561
17070,2,445.32,222.66,0.989837398373984,661.191585365854
17071,13,3801.2,292.4,6.43394308943089,5643.85487804878
17072,1,282.05,282.05,0.494918699186992,418.775457317073
17073,4,1446.09,361.5225,1.97967479674797,2147.09094512195
17074,1,203.05,203.05,0.494918699186992,301.479725609756
17075,10,2241.73,224.173,4.94918699186992,3328.42228658537
17076,6,1242.75,207.125,2.96951219512195,1845.1806402439
17077,1,306,306,0.494918699186992,454.335365853659
17078,2,378.2,189.1,0.989837398373984,561.534756097561
17079,1,118.8,118.8,0.494918699186992,176.389024390244
17080,7,957.53,136.79,3.46443089430894,1421.69850609756
17081,6,964.39,160.731666666667,2.96951219512195,1431.88393292683
17082,6,4732.03,788.671666666667,2.96951219512195,7025.91039634146
17083,9,4049.79,449.976666666667,4.45426829268293,6012.95039634146
17084,3,5202.97,1734.32333333333,1.48475609756098,7725.14143292683
17085,28,7891.41,281.836071428571,13.8577235772358,11716.8191158537
17086,6,2050.08,341.68,2.96951219512195,3043.8687804878
17087,1,221.53,221.53,0.494918699186992,328.918018292683
17088,4,1991.01,497.7525,1.97967479674797,2956.16423780488
17089,1,128.45,128.45,0.494918699186992,190.716920731707
17090,13,3149.48,242.267692307692,6.43394308943089,4676.20963414634
17091,19,7811.1,411.11052631579,9.40345528455284,11597.5783536585
17092,11,5594.96,508.632727272727,5.44410569105691,8307.15097560975
17093,1,235.88,235.88,0.494918699186992,350.224268292683
17094,2,402.2,201.1,0.989837398373984,597.168902439024
17095,7,2572.25,367.464285714286,3.46443089430894,3819.16387195122
17096,11,3759.18,341.743636363636,5.44410569105691,5581.46542682927
17097,9,1340.45,148.938888888889,4.45426829268293,1990.24131097561
17098,3,591.07,197.023333333333,1.48475609756098,877.594786585366
17099,1,582.17,582.17,0.494918699186992,864.380457317073
17100,2,971.74,485.87,0.989837398373984,1442.7968902439
17101,7,2507.05,358.15,3.46443089430894,3722.35777439024
17102,1,25.5,25.5,0.494918699186992,37.8612804878049
17103,1,424.3,424.3,0.494918699186992,629.982012195122
17104,1,474.03,474.03,0.494918699186992,703.818932926829
17105,2,665.78,332.89,0.989837398373984,988.520914634146
17106,1,491.23,491.23,0.494918699186992,729.356737804878
17107,10,16075.42,1607.542,4.94918699186992,23868.0778658537
17108,1,174.95,174.95,0.494918699186992,259.758079268293
17109,8,1295.46,161.9325,3.95934959349593,1923.44213414634
17110,3,510.7,170.233333333333,1.48475609756098,758.26493902439
17111,2,476.58,238.29,0.989837398373984,707.60506097561
17112,1,205.17,205.17,0.494918699186992,304.627408536585
17113,6,2322.59,387.098333333333,2.96951219512195,3448.47966463415
17114,8,808.62,101.0775,3.95934959349593,1200.60347560976
17115,7,2761.49,394.498571428571,3.46443089430894,4100.13911585366
17116,1,389.78,389.78,0.494918699186992,578.728231707317
17117,1,116.2,116.2,0.494918699186992,172.528658536585
17118,1,157.02,157.02,0.494918699186992,233.136402439024
17119,2,606.91,303.455,0.989837398373984,901.113323170732
17120,1,307.46,307.46,0.494918699186992,456.503109756098
17121,1,314.74,314.74,0.494918699186992,467.312134146341
17122,4,570.5,142.625,1.97967479674797,847.053353658536
17123,3,977.17,325.723333333333,1.48475609756098,1450.85911585366
17124,1,298.89,298.89,0.494918699186992,443.77875
17125,1,259.35,259.35,0.494918699186992,385.071493902439
17126,9,2070.44,230.048888888889,4.45426829268293,3074.09841463415
17127,5,1155.03,231.006,2.47459349593496,1714.93783536585
17128,1,157.09,157.09,0.494918699186992,233.240335365854
17129,1,31.85,31.85,0.494918699186992,47.2894817073171
17131,5,2463.17,492.634,2.47459349593496,3657.20667682927
17132,2,1272.8,636.4,0.989837398373984,1889.79756097561
17133,12,14622.33,1218.5275,5.9390243902439,21710.5936280488
17134,3,637.1,212.366666666667,1.48475609756098,945.938109756098
17135,10,1954.16,195.416,4.94918699186992,2901.45097560976
17136,1,231.68,231.68,0.494918699186992,343.988292682927
17137,6,1133.63,188.938333333333,2.96951219512195,1683.16405487805
17138,7,4417.27,631.038571428571,3.46443089430894,6558.56856707317
17139,25,19584.46,783.3784,12.3729674796748,29078.146402439
17140,1,465.32,465.32,0.494918699186992,690.886707317073
17141,4,754.33,188.5825,1.97967479674797,1119.99606707317
17142,4,1283.75,320.9375,1.97967479674797,1906.0556402439
17143,2,924.11,462.055,0.989837398373984,1372.07795731707
17144,2,984.57,492.285,0.989837398373984,1461.84631097561
17145,4,3120.91,780.2275,1.97967479674797,4633.79015243902
17146,13,5860.24,450.787692307692,6.43394308943089,8701.02707317073
17147,9,3199.95,355.55,4.45426829268293,4751.14527439024
17148,1,124.88,124.88,0.494918699186992,185.416341463415
17149,1,143.1,143.1,0.494918699186992,212.468597560976
17150,6,1375.65,229.275,2.96951219512195,2042.50472560976
17151,1,231.9,231.9,0.494918699186992,344.31493902439
17152,4,2016.5,504.125,1.97967479674797,2994.01067073171
17153,1,213.78,213.78,0.494918699186992,317.411158536585
17154,1,329.34,329.34,0.494918699186992,488.989573170732
17155,7,892.46,127.494285714286,3.46443089430894,1325.08542682927
17156,1,591.87,591.87,0.494918699186992,878.782591463415
17157,19,5151.9,271.152631578947,9.40345528455284,7649.31493902439
17158,5,1980,396,2.47459349593496,2939.81707317073
17159,5,2099.59,419.918,2.47459349593496,3117.37905487805
17160,17,10209.16,600.538823529412,8.41361788617886,15158.1125609756
17161,1,856.01,856.01,0.494918699186992,1270.96606707317
17162,10,1715.46,171.546,4.94918699186992,2547.03969512195
17163,4,699.78,174.945,1.97967479674797,1039.00262195122
17164,7,2467.35,352.478571428571,3.46443089430894,3663.41295731707
17165,6,1794.32,299.053333333333,2.96951219512195,2664.12756097561
17166,2,206.34,103.17,0.989837398373984,306.364573170732
17167,3,867.11,289.036666666667,1.48475609756098,1287.4468597561
17168,1,400.2,400.2,0.494918699186992,594.199390243902
17169,3,1156.73,385.576666666667,1.48475609756098,1717.46192073171
17170,2,178.68,89.34,0.989837398373984,265.296219512195
17171,2,384.59,192.295,0.989837398373984,571.022347560976
17172,3,956.57,318.856666666667,1.48475609756098,1420.2731402439
17173,8,3766.6,470.825,3.95934959349593,5592.48231707317
17174,1,59.9,59.9,0.494918699186992,88.9368902439024
17175,4,1443.69,360.9225,1.97967479674797,2143.52753048781
17176,3,902.32,300.773333333333,1.48475609756098,1339.72512195122
17177,1,119.5,119.5,0.494918699186992,177.428353658537
17178,1,436.71,436.71,0.494918699186992,648.407835365854
17179,6,1507.26,251.21,2.96951219512195,2237.91347560976
17180,11,2256.98,205.18,5.44410569105691,3351.06481707317
17181,3,465.37,155.123333333333,1.48475609756098,690.960945121951
17182,2,321.3,160.65,0.989837398373984,477.052134146341
17183,6,3347.31,557.885,2.96951219512195,4969.93893292683
17184,2,198.41,99.205,0.989837398373984,294.590457317073
17185,3,229.46,76.4866666666667,1.48475609756098,340.692134146341
17186,2,144,72,0.989837398373984,213.80487804878
17187,2,467.71,233.855,0.989837398373984,694.435274390244
17188,13,4592.93,353.302307692308,6.43394308943089,6819.38082317073
17189,5,957.63,191.526,2.47459349593496,1421.84698170732
17190,7,1743.04,249.005714285714,3.46443089430894,2587.98926829268
17191,15,4836.05,322.403333333333,7.42378048780488,7180.35472560976
17192,1,77.83,77.83,0.494918699186992,115.558567073171
17193,9,2310.04,256.671111111111,4.45426829268293,3429.84597560976
17194,3,812.5,270.833333333333,1.48475609756098,1206.36432926829
17195,1,562.98,562.98,0.494918699186992,835.887987804878
17196,1,352.9,352.9,0.494918699186992,523.970426829268
17197,1,1013.01,1013.01,0.494918699186992,1504.07277439024
17198,3,1213.88,404.626666666667,1.48475609756098,1802.31573170732
17199,1,145.12,145.12,0.494918699186992,215.467804878049
17200,4,356.71,89.1775,1.97967479674797,529.627347560976
17201,4,1242.04,310.51,1.97967479674797,1844.12646341463
17202,1,160.65,160.65,0.494918699186992,238.526067073171
17203,10,5575.88,557.588,4.94918699186992,8278.82182926829
17204,9,5504.69,611.632222222222,4.45426829268293,8173.12204268293
17205,3,999.35,333.116666666667,1.48475609756098,1483.79100609756
17206,1,204.24,204.24,0.494918699186992,303.246585365854
17207,1,303.22,303.22,0.494918699186992,450.207743902439
17208,1,115.35,115.35,0.494918699186992,171.266615853658
17209,3,611.6,203.866666666667,1.48475609756098,908.076829268293
17210,1,253.37,253.37,0.494918699186992,376.192652439024
17211,13,4046.65,311.280769230769,6.43394308943089,6008.28826219512
17212,3,794.41,264.803333333333,1.48475609756098,1179.50509146341
17213,13,5182.3,398.638461538462,6.43394308943089,7694.45152439024
17214,6,1069.12,178.186666666667,2.96951219512195,1587.38243902439
17215,1,186.15,186.15,0.494918699186992,276.387347560976
17216,1,65.05,65.05,0.494918699186992,96.5833841463414
17217,2,218,109,0.989837398373984,323.676829268293
17218,18,4192.68,232.926666666667,8.90853658536585,6225.10719512195
17219,2,259.13,129.565,0.989837398373984,384.744847560976
17220,21,4481.75,213.416666666667,10.3932926829268,6654.3056402439
17221,5,978.52,195.704,2.47459349593496,1452.86353658537
17222,6,1605.01,267.501666666667,2.96951219512195,2383.04838414634
17223,3,873.53,291.176666666667,1.48475609756098,1296.97899390244
17224,1,100.86,100.86,0.494918699186992,149.7525
17225,1,131.15,131.15,0.494918699186992,194.725762195122
17226,3,900.12,300.04,1.48475609756098,1336.45865853659
17227,12,2022.03,168.5025,5.9390243902439,3002.22137195122
17228,13,3177.24,244.403076923077,6.43394308943089,4717.42646341463
17229,2,318.76,159.38,0.989837398373984,473.280853658537
17230,18,9924.95,551.386111111111,8.90853658536585,14736.1300304878
17231,25,7197.04,287.8816,12.3729674796748,10685.8490243902
17232,2,421.52,210.76,0.989837398373984,625.854390243902
17233,3,560.86,186.953333333333,1.48475609756098,832.740304878049
17234,1,149.89,149.89,0.494918699186992,222.550091463415
17235,8,1904.88,238.11,3.95934959349593,2828.28219512195
17236,12,1929.26,160.771666666667,5.9390243902439,2864.48054878049
17237,4,1002.08,250.52,1.97967479674797,1487.8443902439
17238,32,7783.1,243.221875,15.8373983739837,11556.0051829268
17239,4,1189.45,297.3625,1.97967479674797,1766.0431402439
17240,1,130.6,130.6,0.494918699186992,193.909146341463
17241,12,2744.14,228.678333333333,5.9390243902439,4074.37859756098
17242,5,2889.28,577.856,2.47459349593496,4289.87609756097
17243,69,20889.86,302.751594202899,34.1493902439024,31016.3470121951
17244,5,1826.04,365.208,2.47459349593496,2711.22402439024
17245,2,371.63,185.815,0.989837398373984,551.779908536585
17246,2,38.92,19.46,0.989837398373984,57.7867073170732
17247,1,282.19,282.19,0.494918699186992,418.983323170732
17248,2,546.16,273.08,0.989837398373984,810.914390243902
17249,1,68.03,68.03,0.494918699186992,101.007957317073
17250,2,384.52,192.26,0.989837398373984,570.918414634146
17251,3,812.43,270.81,1.48475609756098,1206.26039634146
17252,2,353.86,176.93,0.989837398373984,525.395792682927
17253,1,178.26,178.26,0.494918699186992,264.67262195122
17254,3,470.73,156.91,1.48475609756098,698.919237804878
17255,4,799.13,199.7825,1.97967479674797,1186.5131402439
17256,5,498.93,99.786,2.47459349593496,740.789359756097
17257,2,192.73,96.365,0.989837398373984,286.157042682927
17258,2,417.3,208.65,0.989837398373984,619.588719512195
17259,6,1889.34,314.89,2.96951219512195,2805.20908536585
17260,1,120.95,120.95,0.494918699186992,179.58125
17261,1,230.44,230.44,0.494918699186992,342.147195121951
17262,11,2757.62,250.692727272727,5.44410569105691,4094.3931097561
17263,1,63.44,63.44,0.494918699186992,94.1929268292683
17264,1,279.59,279.59,0.494918699186992,415.122957317073
17265,2,562.9,281.45,0.989837398373984,835.769207317073
17266,5,517.73,103.546,2.47459349593496,768.702774390244
17267,2,317.62,158.81,0.989837398373984,471.588231707317
17268,11,1733.89,157.626363636364,5.44410569105691,2574.40375
17269,1,537.46,537.46,0.494918699186992,797.997012195122
17270,2,604.4,302.2,0.989837398373984,897.386585365854
17271,1,210.39,210.39,0.494918699186992,312.377835365854
17272,4,2148.63,537.1575,1.97967479674797,3190.19149390244
17273,1,141.12,141.12,0.494918699186992,209.528780487805
17274,2,577.38,288.69,0.989837398373984,857.268475609756
17275,1,114.52,114.52,0.494918699186992,170.034268292683
17276,1,508.39,508.39,0.494918699186992,754.835152439024
17277,2,1065.35,532.675,0.989837398373984,1581.78490853659
17278,2,271.24,135.62,0.989837398373984,402.725243902439
17279,1,187.83,187.83,0.494918699186992,278.881737804878
17280,1,118.86,118.86,0.494918699186992,176.478109756098
17281,6,797.85,132.975,2.96951219512195,1184.61265243902
17282,5,2339.66,467.932,2.47459349593496,3473.82445121951
17283,1,188.46,188.46,0.494918699186992,279.817134146341
17284,8,2793.16,349.145,3.95934959349593,4147.16134146341
17285,2,428.34,214.17,0.989837398373984,635.980426829268
17286,3,395.48,131.826666666667,1.48475609756098,587.191341463415
17287,21,4111.96,195.807619047619,10.3932926829268,6105.25768292683
17288,11,2499.98,227.270909090909,5.44410569105691,3711.86054878049
17289,9,2079.39,231.043333333333,4.45426829268293,3087.38698170732
17290,8,1501.44,187.68,3.95934959349593,2229.27219512195
17291,1,550.8,550.8,0.494918699186992,817.803658536585
17292,2,271.75,135.875,0.989837398373984,403.482469512195
17293,17,3774.23,222.013529411765,8.41361788617886,5603.81100609756
17294,2,467.79,233.895,0.989837398373984,694.554054878049
17295,3,556.95,185.65,1.48475609756098,826.934908536585
17296,1,338.13,338.13,0.494918699186992,502.040579268293
17297,1,131.78,131.78,0.494918699186992,195.661158536585
17298,5,957.56,191.512,2.47459349593496,1421.74304878049
17299,6,1016.08,169.346666666667,2.96951219512195,1508.63097560976
17300,2,393.64,196.82,0.989837398373984,584.459390243902
17301,2,330.43,165.215,0.989837398373984,490.607957317073
17302,5,1135.63,227.126,2.47459349593496,1686.13356707317
17303,1,250.04,250.04,0.494918699186992,371.248414634146
17304,1,111.5,111.5,0.494918699186992,165.550304878049
17305,1,2135.46,2135.46,0.494918699186992,3170.63725609756
17306,21,9782.35,465.826190476191,10.3932926829268,14524.4038109756
17307,11,3999.89,363.626363636364,5.44410569105691,5938.86106707317
17308,2,4511.76,2255.88,0.989837398373984,6698.86317073171
17309,3,330.59,110.196666666667,1.48475609756098,490.845518292683
17310,2,1025.1,512.55,0.989837398373984,1522.02347560976
17311,6,3566.56,594.426666666667,2.96951219512195,5295.47170731707
17312,3,644.3,214.766666666667,1.48475609756098,956.628353658536
17313,1,2328.84,2328.84,0.494918699186992,3457.7593902439
17314,17,4904.43,288.495882352941,8.41361788617886,7281.88234756098
17315,43,9650.6,224.432558139535,21.2815040650406,14328.7871951219
17316,1,124.45,124.45,0.494918699186992,184.777896341463
17317,3,2600.34,866.78,1.48475609756098,3860.87067073171
17318,1,164.28,164.28,0.494918699186992,243.915731707317
17319,1,29.1,29.1,0.494918699186992,43.2064024390244
17320,6,2895.77,482.628333333333,2.96951219512195,4299.51216463415
17321,6,1741.18,290.196666666667,2.96951219512195,2585.22762195122
17322,5,922.59,184.518,2.47459349593496,1369.82112804878
17323,12,1565.59,130.465833333333,5.9390243902439,2324.51929878049
17324,12,2301.87,191.8225,5.9390243902439,3417.71551829268
17325,3,609.57,203.19,1.48475609756098,905.062774390244
17326,2,321.95,160.975,0.989837398373984,478.017225609756
17327,2,152.35,76.175,0.989837398373984,226.202591463415
17328,1,104.7,104.7,0.494918699186992,155.453963414634
17329,5,1004.43,200.886,2.47459349593496,1491.33356707317
17330,4,423.8,105.95,1.97967479674797,629.239634146341
17331,1,175.2,175.2,0.494918699186992,260.129268292683
17332,5,838.27,167.654,2.47459349593496,1244.62649390244
17333,1,494.25,494.25,0.494918699186992,733.840701219512
17334,3,635.15,211.716666666667,1.48475609756098,943.042835365854
17335,2,508,254,0.989837398373984,754.256097560976
17336,1,81.12,81.12,0.494918699186992,120.443414634146
17337,4,2027.87,506.9675,1.97967479674797,3010.89234756098
17338,17,12142.57,714.268823529412,8.41361788617886,18028.754847561
17339,3,362.36,120.786666666667,1.48475609756098,538.016219512195
17340,18,22404.82,1244.71222222222,8.90853658536585,33265.6931097561
17341,5,1889.83,377.966,2.47459349593496,2805.93661585366
17342,4,1227.54,306.885,1.97967479674797,1822.5975
17343,6,1259.94,209.99,2.96951219512195,1870.70359756098
17344,2,468.11,234.055,0.989837398373984,695.029176829268
17345,10,1604.68,160.468,4.94918699186992,2382.55841463415
17346,26,5323,204.730769230769,12.8678861788618,7903.35670731707
17347,1,228.96,228.96,0.494918699186992,339.949756097561
17348,9,2476.41,275.156666666667,4.45426829268293,3676.86484756098
17349,5,852.25,170.45,2.47459349593496,1265.38338414634
17350,7,1906.041,272.291571428571,3.46443089430894,2830.00599695122
17351,12,1988.23,165.685833333333,5.9390243902439,2952.03661585366
17352,1,36.25,36.25,0.494918699186992,53.8224085365854
17353,4,3242,810.5,1.97967479674797,4813.57926829268
17354,4,3143.46,785.865,1.97967479674797,4667.27140243902
17355,1,285.11,285.11,0.494918699186992,423.31881097561
17356,5,946.47,189.294,2.47459349593496,1405.27710365854
17357,2,388.14,194.07,0.989837398373984,576.293231707317
17358,5,866.05,173.21,2.47459349593496,1285.87301829268
17359,2,284.46,142.23,0.989837398373984,422.353719512195
17360,6,1231.38,205.23,2.96951219512195,1828.29896341463
17361,5,880.64,176.128,2.47459349593496,1307.5356097561
17362,7,1024.04,146.291428571429,3.46443089430894,1520.44963414634
17363,3,940.86,313.62,1.48475609756098,1396.94762195122
17364,28,12070.42,431.086428571429,13.8577235772358,17921.629695122
17365,15,8224.98,548.332,7.42378048780488,12212.0892073171
17366,2,1096.24,548.12,0.989837398373984,1627.64902439024
17367,1,168.4,168.4,0.494918699186992,250.032926829268
17368,14,2826.14,201.867142857143,6.92886178861789,4196.12859756098
17369,1,979.2,979.2,0.494918699186992,1453.87317073171
17370,4,446.18,111.545,1.97967479674797,662.468475609756
17371,6,662.55,110.425,2.96951219512195,983.725152439024
17372,28,4377.56,156.341428571429,13.8577235772358,6499.60890243902
17373,7,1167.5,166.785714285714,3.46443089430894,1733.45274390244
17374,3,727.11,242.37,1.48475609756098,1079.58100609756
17375,4,660.55,165.1375,1.97967479674797,980.755640243902
17376,4,453.64,113.41,1.97967479674797,673.544756097561
17377,78,18319.41,234.864230769231,38.6036585365854,27199.8557012195
17378,1,10.95,10.95,0.494918699186992,16.2580792682927
17379,1,404.66,404.66,0.494918699186992,600.821402439024
17380,3,645,215,1.48475609756098,957.667682926829
17381,38,40002.37,1052.69394736842,18.8069105691057,59393.7627743902
17382,8,902.28,112.785,3.95934959349593,1339.66573170732
17383,2,309.99,154.995,0.989837398373984,460.259542682927
17384,3,507.55,169.183333333333,1.48475609756098,753.587957317073
17385,1,261.11,261.11,0.494918699186992,387.684664634146
17386,7,2812.77,401.824285714286,3.46443089430894,4176.27740853659
17387,2,784.11,392.055,0.989837398373984,1164.21210365854
17388,11,2691.57,244.688181818182,5.44410569105691,3996.32496951219
17389,61,57224.68,938.109508196721,30.1900406504065,84964.6925609756
17390,1,149.3,149.3,0.494918699186992,221.674085365854
17391,2,508.8,254.4,0.989837398373984,755.443902439024
17392,3,626.56,208.853333333333,1.48475609756098,930.288780487805
17393,2,381.15,190.575,0.989837398373984,565.914786585366
17394,1,203.87,203.87,0.494918699186992,302.697225609756
17395,1,97.5,97.5,0.494918699186992,144.763719512195
17396,14,8807.1,629.078571428571,6.92886178861789,13076.3954268293
17397,3,1233.18,411.06,1.48475609756098,1830.97152439024
17398,3,653.38,217.793333333333,1.48475609756098,970.10993902439
17400,8,4677.05,584.63125,3.95934959349593,6944.27850609756
17401,1,114.85,114.85,0.494918699186992,170.524237804878
17402,23,5096.18,221.573043478261,11.3831300813008,7566.58432926829
17403,2,400.57,200.285,0.989837398373984,594.74875
17404,23,47781.12,2077.44,11.3831300813008,70943.3092682927
17405,3,1031.41,343.803333333333,1.48475609756098,1531.39228658537
17406,13,4905.05,377.311538461538,6.43394308943089,7282.80289634146
17407,1,552.9,552.9,0.494918699186992,820.921646341463
17408,3,316.09,105.363333333333,1.48475609756098,469.316554878049
17409,10,7793.51,779.351,4.94918699186992,11571.4614939024
17410,5,1214.72,242.944,2.47459349593496,1803.56292682927
17411,5,1425.38,285.076,2.47459349593496,2116.34164634146
17412,16,4417.52,276.095,7.91869918699187,6558.93975609756
17413,2,560.14,280.07,0.989837398373984,831.671280487805
17414,6,2249.52,374.92,2.96951219512195,3339.98853658537
17415,1,507.84,507.84,0.494918699186992,754.018536585366
17416,22,17298.45,786.293181818182,10.8882113821138,25683.9791158537
17417,1,164.18,164.18,0.494918699186992,243.767256097561
17418,3,670.06,223.353333333333,1.48475609756098,994.875670731707
17419,18,6500.52,361.14,8.90853658536585,9651.68670731707
17420,6,1084.43,180.738333333333,2.96951219512195,1610.11405487805
17421,3,1059.41,353.136666666667,1.48475609756098,1572.96545731707
17422,11,3594.76,326.796363636364,5.44410569105691,5337.34182926829
17423,3,1118.95,372.983333333333,1.48475609756098,1661.36783536585
17425,2,759.17,379.585,0.989837398373984,1127.18228658537
17426,13,8077.77,621.366923076923,6.43394308943089,11993.5182621951
17427,1,100.8,100.8,0.494918699186992,149.663414634146
17428,45,31819.76,707.105777777778,22.2713414634146,47244.5826829268
17429,5,1357.46,271.492,2.47459349593496,2015.49701219512
17430,4,735.17,183.7925,1.97967479674797,1091.5481402439
17431,1,403.3,403.3,0.494918699186992,598.802134146341
17432,9,1751.39,194.598888888889,4.45426829268293,2600.38698170732
17433,2,569.96,284.98,0.989837398373984,846.251585365854
17434,7,2373.82,339.117142857143,3.46443089430894,3524.54371951219
17435,1,331.35,331.35,0.494918699186992,491.973932926829
17436,5,534.06,106.812,2.47459349593496,792.948841463415
17437,1,373.17,373.17,0.494918699186992,554.066432926829
17438,5,1422.77,284.554,2.47459349593496,2112.46643292683
17439,1,325.74,325.74,0.494918699186992,483.644451219512
17440,4,323.58,80.895,1.97967479674797,480.43737804878
17441,1,293.35,293.35,0.494918699186992,435.553201219512
17442,15,4620.3,308.02,7.42378048780488,6860.01859756098
17443,1,534.24,534.24,0.494918699186992,793.216097560976
17444,3,2940.04,980.013333333333,1.48475609756098,4365.24231707317
17446,2,120.9,60.45,0.989837398373984,179.507012195122
17447,2,541.53,270.765,0.989837398373984,804.039969512195
17448,46,14556.97,316.455869565217,22.7662601626016,21613.5499695122
17449,13,4951.15,380.857692307692,6.43394308943089,7351.25015243902
17450,51,246973.09,4842.60960784314,25.2408536585366,366694.801310976
17451,7,1721.4,245.914285714286,3.46443089430894,2555.85914634146
17453,2,486.72,243.36,0.989837398373984,722.660487804878
17454,10,1547.94,154.794,4.94918699186992,2298.31335365854
17455,1,131.7,131.7,0.494918699186992,195.54237804878
17456,2,1225.42,612.71,0.989837398373984,1819.44981707317
17457,14,5984.81,427.486428571429,6.92886178861789,8885.9831402439
17458,2,529.58,264.79,0.989837398373984,786.297134146341
17459,2,657.3,328.65,0.989837398373984,975.930182926829
17460,16,2228.27,139.266875,7.91869918699187,3308.4374695122
17461,3,757.46,252.486666666667,1.48475609756098,1124.64335365854
17462,2,675.69,337.845,0.989837398373984,1003.23484756098
17463,7,2557.91,365.415714285714,3.46443089430894,3797.87246951219
17464,3,1000.94,333.646666666667,1.48475609756098,1486.15176829268
17465,7,2542.79,363.255714285714,3.46443089430894,3775.42295731707
17466,2,763.28,381.64,0.989837398373984,1133.28463414634
17467,1,102.6,102.6,0.494918699186992,152.335975609756
17468,3,194.8,64.9333333333333,1.48475609756098,289.230487804878
17469,17,5051.25,297.132352941176,8.41361788617886,7499.87423780488
17470,11,2804.87,254.988181818182,5.44410569105691,4164.54783536585
17471,1,321.65,321.65,0.494918699186992,477.571798780488
17472,4,935.1,233.775,1.97967479674797,1388.39542682927
17473,2,607,303.5,0.989837398373984,901.246951219512
17474,1,1047,1047,0.494918699186992,1554.53963414634
17475,1,194.37,194.37,0.494918699186992,288.592042682927
17476,2,489.86,244.93,0.989837398373984,727.32262195122
17477,2,1144.3,572.15,0.989837398373984,1699.00640243902
17478,2,1272.8,636.4,0.989837398373984,1889.79756097561
17479,1,389.26,389.26,0.494918699186992,577.956158536585
17480,2,902.03,451.015,0.989837398373984,1339.29454268293
17481,4,1255.59,313.8975,1.97967479674797,1864.24490853659
17482,2,778.19,389.095,0.989837398373984,1155.42234756098
17483,4,591.73,147.9325,1.97967479674797,878.574725609756
17484,2,209.57,104.785,0.989837398373984,311.160335365854
17486,1,396.87,396.87,0.494918699186992,589.255152439024
17487,1,160.55,160.55,0.494918699186992,238.377591463415
17488,1,336.5,336.5,0.494918699186992,499.620426829268
17489,2,376.64,188.32,0.989837398373984,559.218536585366
17490,9,2750.5,305.611111111111,4.45426829268293,4083.82164634146
17491,17,5981.07,351.827647058824,8.41361788617886,8880.43015243902
17492,3,1122.42,374.14,1.48475609756098,1666.51993902439
17493,1,100.91,100.91,0.494918699186992,149.826737804878
17494,1,54.7,54.7,0.494918699186992,81.2161585365854
17495,3,806.72,268.906666666667,1.48475609756098,1197.78243902439
17496,4,1412.89,353.2225,1.97967479674797,2097.79704268293
17497,2,287.25,143.625,0.989837398373984,426.49618902439
17498,1,272.22,272.22,0.494918699186992,404.180304878049
17499,2,1341.39,670.695,0.989837398373984,1991.63698170732
17500,3,1138,379.333333333333,1.48475609756098,1689.65243902439
17501,2,288.6,144.3,0.989837398373984,428.500609756098
17502,4,689.1,172.275,1.97967479674797,1023.14542682927
17503,2,558.96,279.48,0.989837398373984,829.919268292683
17504,18,9565.12,531.395555555556,8.90853658536585,14201.8702439024
17505,5,2435.48,487.096,2.47459349593496,3616.0937804878
17506,1,302.2,302.2,0.494918699186992,448.693292682927
17507,2,605.58,302.79,0.989837398373984,899.138597560976
17508,8,4579.23,572.40375,3.95934959349593,6799.03966463415
17509,8,6115.14,764.3925,3.95934959349593,9079.49140243902
17510,2,514.56,257.28,0.989837398373984,763.996097560975
17511,60,175603.55,2926.72583333333,29.6951219512195,260728.441615854
17512,18,5467.82,303.767777777778,8.90853658536585,8118.37908536586
17513,3,1158.8,386.266666666667,1.48475609756098,1720.53536585366
17514,2,542.83,271.415,0.989837398373984,805.970152439024
17515,9,1617.46,179.717777777778,4.45426829268293,2401.53359756098
17516,6,957.55,159.591666666667,2.96951219512195,1421.72820121951
17517,1,153.94,153.94,0.494918699186992,228.563353658537
17518,2,329.42,164.71,0.989837398373984,489.108353658537
17519,15,5109.47,340.631333333333,7.42378048780488,7586.31673780488
17520,1,546.81,546.81,0.494918699186992,811.879481707317
17521,5,1278.06,255.612,2.47459349593496,1897.60737804878
17522,5,1070.71,214.142,2.47459349593496,1589.74320121951
17523,4,652.74,163.185,1.97967479674797,969.159695121951
17524,3,539.14,179.713333333333,1.48475609756098,800.491402439024
17525,3,1161.9,387.3,1.48475609756098,1725.1381097561
17526,12,4166.04,347.17,5.9390243902439,6185.55329268293
17527,4,939.37,234.8425,1.97967479674797,1394.73533536585
17528,8,3628.5,453.5625,3.95934959349593,5387.4375
17529,2,1240.25,620.125,0.989837398373984,1841.46875
17530,12,3141.51,261.7925,5.9390243902439,4664.37612804878
17531,3,1266.82,422.273333333333,1.48475609756098,1880.91871951219
17532,1,65.34,65.34,0.494918699186992,97.0139634146341
17533,1,34.8,34.8,0.494918699186992,51.6695121951219
17534,5,1668.83,333.766,2.47459349593496,2477.80551829268
17535,1,164.4,164.4,0.494918699186992,244.093902439024
17536,3,364.83,121.61,1.48475609756098,541.683567073171
17537,2,897.62,448.81,0.989837398373984,1332.74676829268
17538,1,98.42,98.42,0.494918699186992,146.129695121951
17539,4,1226.57,306.6425,1.97967479674797,1821.15728658537
17540,6,1590.6,265.1,2.96951219512195,2361.65304878049
17541,1,124.46,124.46,0.494918699186992,184.792743902439
17542,3,341.7,113.9,1.48475609756098,507.341158536585
17543,1,120.05,120.05,0.494918699186992,178.244969512195
17544,3,960.69,320.23,1.48475609756098,1426.39033536585
17545,6,1448.54,241.423333333333,2.96951219512195,2150.72859756098
17547,2,727.85,363.925,0.989837398373984,1080.67972560976
17548,4,731.26,182.815,1.97967479674797,1085.74274390244
17549,2,148.86,74.43,0.989837398373984,221.020792682927
17550,9,2547.64,283.071111111111,4.45426829268293,3782.62402439024
17551,1,306.84,306.84,0.494918699186992,455.58256097561
17552,12,3085.29,257.1075,5.9390243902439,4580.9031402439
17553,4,3757.6,939.4,1.97967479674797,5579.11951219512
17554,5,1952.45,390.49,2.47459349593496,2898.91204268293
17555,5,1057.74,211.548,2.47459349593496,1570.48591463415
17556,2,300.67,150.335,0.989837398373984,446.421615853659
17557,4,575.46,143.865,1.97967479674797,854.417743902439
17558,1,259.17,259.17,0.494918699186992,384.804237804878
17559,1,167.62,167.62,0.494918699186992,248.874817073171
17560,8,1895.8,236.975,3.95934959349593,2814.8006097561
17561,4,722.34,180.585,1.97967479674797,1072.4987195122
17562,7,1122.38,160.34,3.46443089430894,1666.46054878049
17563,2,392.38,196.19,0.989837398373984,582.588597560976
17564,3,454.01,151.336666666667,1.48475609756098,674.094115853659
17565,1,131.83,131.83,0.494918699186992,195.735396341463
17566,2,901.21,450.605,0.989837398373984,1338.07704268293
17567,9,5356.03,595.114444444444,4.45426829268293,7952.39820121951
17568,1,382.79,382.79,0.494918699186992,568.349786585366
17569,1,344.14,344.14,0.494918699186992,510.963963414634
17570,1,100,100,0.494918699186992,148.475609756098
17571,5,1703.75,340.75,2.47459349593496,2529.65320121951
17572,10,723.01,72.301,4.94918699186992,1073.49350609756
17573,3,380.6,126.866666666667,1.48475609756098,565.098170731707
17574,1,185.65,185.65,0.494918699186992,275.644969512195
17575,1,171.7,171.7,0.494918699186992,254.932621951219
17576,41,9056.81,220.897804878049,20.2916666666667,13447.1538719512
17577,2,348.75,174.375,0.989837398373984,517.80868902439
17578,7,1047.33,149.618571428571,3.46443089430894,1555.02960365854
17579,4,753.28,188.32,1.97967479674797,1118.43707317073
17580,5,545.27,109.054,2.47459349593496,809.592957317073
17581,43,18757.75,436.226744186047,21.2815040650406,27850.6836890244
17582,5,1450.7,290.14,2.47459349593496,2153.93567073171
17583,1,135.95,135.95,0.494918699186992,201.852591463415
17584,6,5309.42,884.903333333333,2.96951219512195,7883.19371951219
17585,7,2093.3,299.042857142857,3.46443089430894,3108.03993902439
17586,1,167.4,167.4,0.494918699186992,248.548170731707
17587,1,181.66,181.66,0.494918699186992,269.720792682927
17588,7,2939.55,419.935714285714,3.46443089430894,4364.51478658537
17589,18,14049.87,780.548333333333,8.90853658536585,20860.630152439
17590,3,1479.22,493.073333333333,1.48475609756098,2196.28091463415
17591,8,2776.67,347.08375,3.95934959349593,4122.67771341463
17592,1,148.3,148.3,0.494918699186992,220.189329268293
17593,11,8095.8,735.981818181818,5.44410569105691,12020.2884146341
17594,4,2497.88,624.47,1.97967479674797,3708.74256097561
17595,2,388.79,194.395,0.989837398373984,577.258323170732
17596,13,4920.67,378.513076923077,6.43394308943089,7305.99478658537
17597,5,3484.09,696.818,2.47459349593496,5173.02387195122
17598,1,409.98,409.98,0.494918699186992,608.720304878049
17599,1,52.05,52.05,0.494918699186992,77.2815548780488
17600,1,161.67,161.67,0.494918699186992,240.040518292683
17601,2,421.48,210.74,0.989837398373984,625.795
17602,14,7451.13,532.223571428571,6.92886178861789,11063.1107012195
17603,4,1793.48,448.37,1.97967479674797,2662.88036585366
17604,6,945.93,157.655,2.96951219512195,1404.47533536585
17605,1,160.75,160.75,0.494918699186992,238.674542682927
17606,1,87.3,87.3,0.494918699186992,129.619207317073
17607,1,333.81,333.81,0.494918699186992,495.626432926829
17608,4,498.53,124.6325,1.97967479674797,740.195457317073
17609,11,1894.34,172.212727272727,5.44410569105691,2812.63286585366
17610,5,1529.49,305.898,2.47459349593496,2270.91960365854
17611,28,8371.98,298.999285714286,13.8577235772358,12430.3483536585
17612,18,5394.86,299.714444444444,8.90853658536585,8010.0512804878
17613,14,4559.15,325.653571428571,6.92886178861789,6769.22576219512
17614,1,390.07,390.07,0.494918699186992,579.15881097561
17615,6,733.2,122.2,2.96951219512195,1088.62317073171
17616,4,1060.8,265.2,1.97967479674797,1575.02926829268
17617,1,395.33,395.33,0.494918699186992,586.96862804878
17618,11,4073.24,370.294545454545,5.44410569105691,6047.76792682927
17619,1,218.52,218.52,0.494918699186992,324.448902439024
17620,1,81.44,81.44,0.494918699186992,120.918536585366
17621,6,3175.12,529.186666666667,2.96951219512195,4714.2787804878
17622,2,1130.21,565.105,0.989837398373984,1678.08618902439
17623,7,2383.67,340.524285714286,3.46443089430894,3539.16856707317
17624,4,1568.63,392.1575,1.97967479674797,2329.03295731707
17625,8,6067.8,758.475,3.95934959349593,9009.20304878049
17626,1,254,254,0.494918699186992,377.128048780488
17627,1,296.36,296.36,0.494918699186992,440.022317073171
17628,1,75.75,75.75,0.494918699186992,112.470274390244
17629,10,2455.52,245.552,4.94918699186992,3645.84829268293
17630,2,503.6,251.8,0.989837398373984,747.723170731707
17631,7,998.49,142.641428571429,3.46443089430894,1482.51411585366
17633,7,2057.39,293.912857142857,3.46443089430894,3054.72234756098
17634,9,2361.97,262.441111111111,4.45426829268293,3506.9493597561
17635,3,1265.58,421.86,1.48475609756098,1879.07762195122
17636,1,285.56,285.56,0.494918699186992,423.986951219512
17637,2,547.06,273.53,0.989837398373984,812.250670731707
17638,2,842.4,421.2,0.989837398373984,1250.75853658537
17639,6,615.17,102.528333333333,2.96951219512195,913.377408536585
17640,6,3168.94,528.156666666667,2.96951219512195,4705.10298780488
17642,5,1824.49,364.898,2.47459349593496,2708.92265243902
17643,2,541.25,270.625,0.989837398373984,803.624237804878
17644,20,6028.6,301.43,9.89837398373984,8951.0006097561
17646,12,4149.79,345.815833333333,5.9390243902439,6161.42600609756
17647,3,331.66,110.553333333333,1.48475609756098,492.434207317073
17648,5,2216.37,443.274,2.47459349593496,3290.76887195122
17649,3,1578.89,526.296666666667,1.48475609756098,2344.26655487805
17650,1,166.08,166.08,0.494918699186992,246.588292682927
17651,16,5703.52,356.47,7.91869918699187,8468.33609756098
17652,12,4867.72,405.643333333333,5.9390243902439,7227.37695121951
17653,4,1207.56,301.89,1.97967479674797,1792.93207317073
17654,1,117.55,117.55,0.494918699186992,174.533079268293
17655,9,3652.48,405.831111111111,4.45426829268293,5423.04195121951
17656,5,1674.69,334.938,2.47459349593496,2486.50618902439
17657,1,126,126,0.494918699186992,187.079268292683
17658,2,595.42,297.71,0.989837398373984,884.053475609756
17659,14,3834.79,273.913571428571,6.92886178861789,5693.72783536585
17660,2,359.47,179.735,0.989837398373984,533.725274390244
17662,2,412.92,206.46,0.989837398373984,613.085487804878
17663,17,5175.83,304.460588235294,8.41361788617886,7684.84515243902
17664,4,1166.23,291.5575,1.97967479674797,1731.56710365854
17665,1,563.1,563.1,0.494918699186992,836.066158536585
17666,5,2047.8,409.56,2.47459349593496,3040.48353658537
17667,9,3950.7,438.966666666667,4.45426829268293,5865.82591463415
17668,2,347.75,173.875,0.989837398373984,516.323932926829
17669,10,6142.35,614.235,4.94918699186992,9119.89161585366
17670,1,205.7,205.7,0.494918699186992,305.414329268293
17671,5,2403.34,480.668,2.47459349593496,3568.37371951219
17672,7,5778.63,825.518571428571,3.46443089430894,8579.85612804878
17673,13,4233.58,325.66,6.43394308943089,6285.83371951219
17674,2,851.7,425.85,0.989837398373984,1264.56676829268
17675,70,38259.6,546.565714285714,34.6443089430894,56806.1743902439
17676,10,2765.84,276.584,4.94918699186992,4106.59780487805
17677,54,36692.91,679.498333333333,26.7256097560976,54480.0218597561
17678,2,599.76,299.88,0.989837398373984,890.497317073171
17679,7,3577.61,511.087142857143,3.46443089430894,5311.87826219512
17680,3,497.45,165.816666666667,1.48475609756098,738.591920731707
17681,5,731.2,146.24,2.47459349593496,1085.65365853658
17682,11,4456.78,405.161818181818,5.44410569105691,6617.2312804878
17683,3,819.01,273.003333333333,1.48475609756098,1216.03009146341
17684,1,239.41,239.41,0.494918699186992,355.465457317073
17685,12,5943.17,495.264166666667,5.9390243902439,8824.15789634146
17686,9,8296.81,921.867777777778,4.45426829268293,12318.7392378049
17687,1,432.68,432.68,0.494918699186992,642.424268292683
17688,1,304.2,304.2,0.494918699186992,451.662804878049
17689,2,317.08,158.54,0.989837398373984,470.786463414634
17690,20,7448.1,372.405,9.89837398373984,11058.6118902439
17691,4,780.05,195.0125,1.97967479674797,1158.18399390244
17692,12,2975.8,247.983333333333,5.9390243902439,4418.33719512195
17693,1,200.47,200.47,0.494918699186992,297.649054878049
17694,3,1695.97,565.323333333333,1.48475609756098,2518.10179878049
17695,5,1746.04,349.208,2.47459349593496,2592.44353658537
17696,27,7679.59,284.429259259259,13.3628048780488,11402.3180792683
17697,1,338.95,338.95,0.494918699186992,503.258079268293
17698,1,154.95,154.95,0.494918699186992,230.062957317073
17699,2,442,221,0.989837398373984,656.262195121951
17700,14,6679.97,477.140714285714,6.92886178861789,9918.12618902439
17701,1,417.95,417.95,0.494918699186992,620.55381097561
17702,6,3144.04,524.006666666667,2.96951219512195,4668.13256097561
17703,4,1094.84,273.71,1.97967479674797,1625.57036585366
17704,2,885.19,442.595,0.989837398373984,1314.29125
17705,11,2083.9,189.445454545455,5.44410569105691,3094.08323170732
17706,31,20749.98,669.354193548387,15.3424796747967,30808.6593292683
17707,8,609.3,76.1625,3.95934959349593,904.661890243902
17708,4,887.93,221.9825,1.97967479674797,1318.35948170732
17709,5,671.01,134.202,2.47459349593496,996.28618902439
17710,1,293.5,293.5,0.494918699186992,435.775914634146
17711,2,385.1,192.55,0.989837398373984,571.779573170732
17712,1,522.91,522.91,0.494918699186992,776.39381097561
17713,4,1198.09,299.5225,1.97967479674797,1778.87143292683
17714,5,1410.18,282.036,2.47459349593496,2093.77335365854
17715,2,489.6,244.8,0.989837398373984,726.936585365854
17716,24,15956.97,664.87375,11.8780487804878,23692.2085060976
17717,1,376.92,376.92,0.494918699186992,559.634268292683
17718,2,439.18,219.59,0.989837398373984,652.075182926829
17719,15,5396.04,359.736,7.42378048780488,8011.80329268293
17720,10,2768.91,276.891,4.94918699186992,4111.15600609756
17721,1,307.21,307.21,0.494918699186992,456.131920731707
17722,5,4430.36,886.072,2.47459349593496,6578.00402439024
17723,7,3378.4,482.628571428571,3.46443089430894,5016.1
17724,3,1033,344.333333333333,1.48475609756098,1533.75304878049
17725,11,3439.08,312.643636363636,5.44410569105691,5106.195
17726,7,1092.06,156.008571428571,3.46443089430894,1621.44274390244
17727,1,1060.25,1060.25,0.494918699186992,1574.21265243902
17728,5,4238.76,847.752,2.47459349593496,6293.52475609756
17729,1,438.65,438.65,0.494918699186992,651.288262195122
17730,20,7773.8,388.69,9.89837398373984,11542.1969512195
17731,6,1708.99,284.831666666667,2.96951219512195,2537.43332317073
17732,8,2470.39,308.79875,3.95934959349593,3667.92661585366
17733,2,692.19,346.095,0.989837398373984,1027.73332317073
17734,6,1442.32,240.386666666667,2.96951219512195,2141.49341463415
17735,26,17244.93,663.266538461539,12.8678861788618,25604.5149695122
17736,3,377.44,125.813333333333,1.48475609756098,560.406341463415
17737,2,168.24,84.12,0.989837398373984,249.795365853659
17738,13,4183.56,321.812307692308,6.43394308943089,6211.56621951219
17739,18,7730.59,429.477222222222,8.90853658536585,11478.0406402439
17740,6,426.9,71.15,2.96951219512195,633.84237804878
17741,2,101.1,50.55,0.989837398373984,150.108841463415
17742,11,2098.48,190.770909090909,5.44410569105691,3115.73097560976
17743,1,229.2,229.2,0.494918699186992,340.306097560976
17744,7,2649.14,378.448571428571,3.46443089430894,3933.32676829268
17745,2,600.34,300.17,0.989837398373984,891.358475609756
17746,4,904.18,226.045,1.97967479674797,1342.48676829268
17747,1,71.4,71.4,0.494918699186992,106.011585365854
17748,1,358.15,358.15,0.494918699186992,531.765396341463
17749,3,1026.18,342.06,1.48475609756098,1523.62701219512
17750,9,1797.57,199.73,4.45426829268293,2668.95301829268
17751,1,157.86,157.86,0.494918699186992,234.383597560976
17752,1,80.64,80.64,0.494918699186992,119.730731707317
17753,4,390.56,97.64,1.97967479674797,579.886341463415
17754,13,4577.53,352.117692307692,6.43394308943089,6796.51557926829
17756,3,733.7,244.566666666667,1.48475609756098,1089.36554878049
17757,56,9422.45,168.258035714286,27.7154471544715,13990.0400914634
17758,12,5012.53,417.710833333333,5.9390243902439,7442.38448170732
17759,5,1276.91,255.382,2.47459349593496,1895.89990853658
17760,6,918.93,153.155,2.96951219512195,1364.38692073171
17761,1,712.78,712.78,0.494918699186992,1058.30445121951
17762,1,129.75,129.75,0.494918699186992,192.647103658537
17763,4,86.15,21.5375,1.97967479674797,127.911737804878
17764,5,1623.64,324.728,2.47459349593496,2410.7093902439
17765,4,530.8,132.7,1.97967479674797,788.108536585366
17766,2,299.61,149.805,0.989837398373984,444.847774390244
17767,2,413.05,206.525,0.989837398373984,613.278506097561
17768,7,3509.51,501.358571428571,3.46443089430894,5210.76637195122
17769,17,7103.08,417.828235294118,8.41361788617886,10546.3413414634
17770,5,1143.27,228.654,2.47459349593496,1697.47710365854
17771,4,387.41,96.8525,1.97967479674797,575.209359756097
17772,3,384.77,128.256666666667,1.48475609756098,571.289603658537
17773,2,585.27,292.635,0.989837398373984,868.983201219512
17774,9,3328.05,369.783333333333,4.45426829268293,4941.34253048781
17775,1,56.4,56.4,0.494918699186992,83.740243902439
17776,2,338.56,169.28,0.989837398373984,502.679024390244
17777,3,665.86,221.953333333333,1.48475609756098,988.639695121951
17778,1,197.7,197.7,0.494918699186992,293.536280487805
17779,3,658.57,219.523333333333,1.48475609756098,977.815823170732
17780,3,352.91,117.636666666667,1.48475609756098,523.985274390244
17781,2,188.02,94.01,0.989837398373984,279.163841463415
17782,2,679.02,339.51,0.989837398373984,1008.17908536585
17783,3,379.91,126.636666666667,1.48475609756098,564.07368902439
17784,1,112.86,112.86,0.494918699186992,167.569573170732
17785,3,403.38,134.46,1.48475609756098,598.920914634146
17786,2,278.74,139.37,0.989837398373984,413.860914634146
17787,4,2601.47,650.3675,1.97967479674797,3862.54844512195
17788,2,1117.9,558.95,0.989837398373984,1659.80884146341
17789,2,397.15,198.575,0.989837398373984,589.670884146341
17790,20,2783.61,139.1805,9.89837398373984,4132.98192073171
17791,1,106.1,106.1,0.494918699186992,157.532621951219
17792,2,370.05,185.025,0.989837398373984,549.433993902439
17793,1,323.04,323.04,0.494918699186992,479.635609756098
17794,2,147.3,73.65,0.989837398373984,218.704573170732
17795,2,350.39,175.195,0.989837398373984,520.24368902439
17796,7,1361.99,194.57,3.46443089430894,2022.22295731707
17797,8,1985.87,248.23375,3.95934959349593,2948.53259146341
17798,1,183.09,183.09,0.494918699186992,271.843993902439
17799,20,6341.89,317.0945,9.89837398373984,9416.15984756098
17800,9,1199.01,133.223333333333,4.45426829268293,1780.23740853659
17801,3,798.33,266.11,1.48475609756098,1185.32533536585
17802,10,5053.12,505.312,4.94918699186992,7502.65073170732
17803,1,184.66,184.66,0.494918699186992,274.17506097561
17804,3,385.23,128.41,1.48475609756098,571.972591463415
17805,2,927.03,463.515,0.989837398373984,1376.41344512195
17806,1,546.04,546.04,0.494918699186992,810.736219512195
17807,3,437.87,145.956666666667,1.48475609756098,650.130152439024
17808,4,262.64,65.66,1.97967479674797,389.956341463415
17809,20,11337.39,566.8695,9.89837398373984,16833.2589329268
17810,2,374.81,187.405,0.989837398373984,556.501432926829
17811,47,9609.8,204.463829787234,23.2611788617886,14268.2091463415
17812,7,1165.89,166.555714285714,3.46443089430894,1731.06228658537
17813,5,1770.88,354.176,2.47459349593496,2629.32487804878
17814,2,1617.32,808.66,0.989837398373984,2401.32573170732
17815,1,591.96,591.96,0.494918699186992,878.916219512195
17816,6,112.32,18.72,2.96951219512195,166.767804878049
17817,6,807.85,134.641666666667,2.96951219512195,1199.46021341463
17818,1,130.18,130.18,0.494918699186992,193.285548780488
17819,12,6612.52,551.043333333333,5.9390243902439,9817.9793902439
17820,1,183.56,183.56,0.494918699186992,272.541829268293
17821,1,334.62,334.62,0.494918699186992,496.829085365854
17822,5,2188.5,437.7,2.47459349593496,3249.38871951219
17823,2,494.25,247.125,0.989837398373984,733.840701219512
17824,1,298.4,298.4,0.494918699186992,443.051219512195
17825,4,731.96,182.99,1.97967479674797,1086.78207317073
17826,1,134.59,134.59,0.494918699186992,199.833323170732
17827,6,2388.05,398.008333333333,2.96951219512195,3545.67179878049
17828,4,1820.09,455.0225,1.97967479674797,2702.38972560976
17829,5,4756.74,951.348,2.47459349593496,7062.59871951219
17830,3,398.7,132.9,1.48475609756098,591.972256097561
17831,1,35.4,35.4,0.494918699186992,52.5603658536585
17832,1,155.37,155.37,0.494918699186992,230.686554878049
17833,1,342.36,342.36,0.494918699186992,508.321097560976
17834,2,730.47,365.235,0.989837398373984,1084.56978658537
17835,3,350.64,116.88,1.48475609756098,520.61487804878
17836,1,110.21,110.21,0.494918699186992,163.634969512195
17837,8,1593.38,199.1725,3.95934959349593,2365.78067073171
17838,13,6722.9,517.146153846154,6.43394308943089,9981.86676829268
17839,1,338.8,338.8,0.494918699186992,503.035365853659
17840,1,185.72,185.72,0.494918699186992,275.748902439024
17841,211,70884.07,335.94345971564,104.427845528455,105245.555152439
17842,1,430.69,430.69,0.494918699186992,639.469603658536
17843,2,326.23,163.115,0.989837398373984,484.371981707317
17844,1,51.56,51.56,0.494918699186992,76.5540243902439
17845,4,598.19,149.5475,1.97967479674797,888.16625
17846,1,2033.1,2033.1,0.494918699186992,3018.65762195122
17847,2,129.69,64.845,0.989837398373984,192.558018292683
17848,30,3650.9,121.696666666667,14.8475609756098,5420.69603658537
17849,8,1063.76,132.97,3.95934959349593,1579.42414634146
17850,155,56600.08,365.161806451613,76.7123983739837,84037.313902439
17851,6,1563.34,260.556666666667,2.96951219512195,2321.17859756098
17852,5,663.21,132.642,2.47459349593496,984.705091463414
17853,3,1608.19,536.063333333333,1.48475609756098,2387.76990853659
17854,6,1071.45,178.575,2.96951219512195,1590.84192073171
17855,1,417.94,417.94,0.494918699186992,620.538963414634
17856,4,1418.03,354.5075,1.97967479674797,2105.42868902439
17857,24,28682.24,1195.09333333333,11.8780487804878,42586.1307317073
17858,30,12797.65,426.588333333333,14.8475609756098,19001.3888719512
17859,1,148.21,148.21,0.494918699186992,220.055701219512
17860,4,1015.54,253.885,1.97967479674797,1507.82920731707
17861,18,5127.69,284.871666666667,8.90853658536585,7613.36899390244
17862,4,1279.09,319.7725,1.97967479674797,1899.13667682927
17863,12,5745.2,478.766666666667,5.9390243902439,8530.22073170732
17864,5,924.32,184.864,2.47459349593496,1372.38975609756
17865,46,26374.39,573.356304347826,22.7662601626016,39159.5363719512
17866,3,1134.95,378.316666666667,1.48475609756098,1685.12393292683
17867,15,1621.28,108.085333333333,7.42378048780488,2407.20536585366
17868,1,234.65,234.65,0.494918699186992,348.398018292683
17869,7,1036.16,148.022857142857,3.46443089430894,1538.44487804878
17870,13,3108.15,239.088461538462,6.43394308943089,4614.84466463415
17871,5,1118.99,223.798,2.47459349593496,1661.42722560976
17872,1,235.87,235.87,0.494918699186992,350.209420731707
17873,18,6515.88,361.993333333333,8.90853658536585,9674.49256097561
17874,6,683.46,113.91,2.96951219512195,1014.77140243902
17875,1,167.1,167.1,0.494918699186992,248.102743902439
17876,3,3424.02,1141.34,1.48475609756098,5083.83457317073
17877,1,237.61,237.61,0.494918699186992,352.792896341463
17878,3,1412.33,470.776666666667,1.48475609756098,2096.96557926829
17879,1,178.52,178.52,0.494918699186992,265.058658536585
17880,3,824.92,274.973333333333,1.48475609756098,1224.805
17881,1,133.35,133.35,0.494918699186992,197.992225609756
17882,2,313.46,156.73,0.989837398373984,465.411646341463
17883,7,995.85,142.264285714286,3.46443089430894,1478.5943597561
17884,20,3072.89,153.6445,9.89837398373984,4562.49216463415
17885,1,190.19,190.19,0.494918699186992,282.385762195122
17886,6,1608.38,268.063333333333,2.96951219512195,2388.05201219512
17887,1,111.35,111.35,0.494918699186992,165.327591463415
17888,25,1820.44,72.8176,12.3729674796748,2702.9093902439
17889,7,774.87,110.695714285714,3.46443089430894,1150.49295731707
17890,2,602.09,301.045,0.989837398373984,893.956798780488
17891,1,203.86,203.86,0.494918699186992,302.68237804878
17892,3,244.1,81.3666666666667,1.48475609756098,362.428963414634
17893,1,112.25,112.25,0.494918699186992,166.66387195122
17894,18,2453.38,136.298888888889,8.90853658536585,3642.67091463415
17895,1,98,98,0.494918699186992,145.506097560976
17896,1,256.32,256.32,0.494918699186992,380.572682926829
17897,9,2585,287.222222222222,4.45426829268293,3838.09451219512
17898,4,299.18,74.795,1.97967479674797,444.209329268293
17899,1,155.8,155.8,0.494918699186992,231.325
17900,2,112.2,56.1,0.989837398373984,166.589634146341
17901,3,260.08,86.6933333333333,1.48475609756098,386.155365853658
17902,1,216.4,216.4,0.494918699186992,321.301219512195
17903,1,381.09,381.09,0.494918699186992,565.825701219512
17904,1,191.67,191.67,0.494918699186992,284.583201219512
17905,13,2383.52,183.347692307692,6.43394308943089,3538.94585365854
17906,1,72.9,72.9,0.494918699186992,108.238719512195
17907,1,291.76,291.76,0.494918699186992,433.19243902439
17908,5,1411.54,282.308,2.47459349593496,2095.79262195122
17909,1,132.55,132.55,0.494918699186992,196.804420731707
17910,1,261.7,261.7,0.494918699186992,388.560670731707
17911,1,366.23,366.23,0.494918699186992,543.762225609756
17912,6,375.5,62.5833333333333,2.96951219512195,557.525914634146
17913,14,3479.64,248.545714285714,6.92886178861789,5166.41670731707
17914,1,336.43,336.43,0.494918699186992,499.516493902439
17915,1,242.13,242.13,0.494918699186992,359.503993902439
17916,2,43.87,21.935,0.989837398373984,65.13625
17917,3,341.28,113.76,1.48475609756098,506.71756097561
17918,3,396.39,132.13,1.48475609756098,588.542469512195
17919,2,1840.32,920.16,0.989837398373984,2732.42634146341
17920,54,24516.46,454.008518518518,26.7256097560976,36400.9634756098
17921,10,2423.5,242.35,4.94918699186992,3598.30640243902
17922,1,170.4,170.4,0.494918699186992,253.00243902439
17923,3,497,165.666666666667,1.48475609756098,737.923780487805
17924,8,3536.7,442.0875,3.95934959349593,5251.1368902439
17925,1,488.16,488.16,0.494918699186992,724.798536585366
17926,5,1035.49,207.098,2.47459349593496,1537.45009146341
17927,1,294,294,0.494918699186992,436.518292682927
17928,3,341.24,113.746666666667,1.48475609756098,506.658170731707
17929,12,3082.1,256.841666666667,5.9390243902439,4576.16676829268
17930,13,4275.22,328.863076923077,6.43394308943089,6347.65896341463
17931,14,3437.29,245.520714285714,6.92886178861789,5103.53728658537
17932,3,1331.57,443.856666666667,1.48475609756098,1977.05667682927
17933,1,114.69,114.69,0.494918699186992,170.286676829268
17934,3,1049.15,349.716666666667,1.48475609756098,1557.7318597561
17935,7,686.14,98.02,3.46443089430894,1018.75054878049
17936,1,389.84,389.84,0.494918699186992,578.817317073171
17937,7,4301.22,614.46,3.46443089430894,6386.26262195122
17938,1,144.29,144.29,0.494918699186992,214.235457317073
17939,1,99.14,99.14,0.494918699186992,147.198719512195
17940,16,30393.19,1899.574375,7.91869918699187,45126.4741768293
17941,4,1433.28,358.32,1.97967479674797,2128.0712195122
17942,1,77.5,77.5,0.494918699186992,115.068597560976
17944,1,75.41,75.41,0.494918699186992,111.965457317073
17945,3,360.35,120.116666666667,1.48475609756098,535.031859756098
17946,2,149.58,74.79,0.989837398373984,222.089817073171
17947,1,176.68,176.68,0.494918699186992,262.326707317073
17948,1,358.56,358.56,0.494918699186992,532.374146341463
17949,118,118628.08,1005.32271186441,58.400406504065,176133.765121951
17950,7,1432.81,204.687142857143,3.46443089430894,2127.37338414634
17951,4,1636.08,409.02,1.97967479674797,2429.17975609756
17952,4,819.61,204.9025,1.97967479674797,1216.92094512195
17953,1,160.82,160.82,0.494918699186992,238.778475609756
17954,19,3966.05,208.739473684211,9.40345528455284,5888.61692073171
17955,6,949.9,158.316666666667,2.96951219512195,1410.36981707317
17956,1,12.75,12.75,0.494918699186992,18.9306402439024
17957,1,111.68,111.68,0.494918699186992,165.81756097561
17958,2,973.88,486.94,0.989837398373984,1445.97426829268
17959,1,140.75,140.75,0.494918699186992,208.979420731707
17960,3,135.08,45.0266666666667,1.48475609756098,200.560853658537
17961,100,2995.54,29.9554,49.4918699186992,4447.6462804878
17962,4,687.42,171.855,1.97967479674797,1020.65103658537
17963,4,651.51,162.8775,1.97967479674797,967.333445121951
17964,2,733.46,366.73,0.989837398373984,1089.00920731707
17965,29,7240.98,249.688965517241,14.3526422764228,10751.0892073171
17966,10,1974.42,197.442,4.94918699186992,2931.53213414634
17967,2,357.29,178.645,0.989837398373984,530.488506097561
17968,4,888.04,222.01,1.97967479674797,1318.52280487805
17969,20,2369.94,118.497,9.89837398373984,3518.78286585366
17970,1,582.59,582.59,0.494918699186992,865.004054878049
17971,1,161.94,161.94,0.494918699186992,240.441402439024
17972,1,136.04,136.04,0.494918699186992,201.986219512195
17973,1,337.04,337.04,0.494918699186992,500.422195121951
17974,6,1858.06,309.676666666667,2.96951219512195,2758.76591463415
17975,24,7028.83,292.867916666667,11.8780487804878,10436.0982012195
17976,1,706.38,706.38,0.494918699186992,1048.80201219512
17977,2,1565.63,782.815,0.989837398373984,2324.57868902439
17978,4,1461.76,365.44,1.97967479674797,2170.35707317073
17979,4,757.71,189.4275,1.97967479674797,1125.01454268293
17980,4,1033.42,258.355,1.97967479674797,1534.37664634146
17981,1,239.12,239.12,0.494918699186992,355.03487804878
17982,1,138.18,138.18,0.494918699186992,205.163597560976
17983,1,171.71,171.71,0.494918699186992,254.947469512195
17984,5,1191.27,238.254,2.47459349593496,1768.74539634146
17985,1,634.95,634.95,0.494918699186992,942.745884146341
17986,1,20.8,20.8,0.494918699186992,30.8829268292683
17987,5,1003.64,200.728,2.47459349593496,1490.1606097561
17988,14,489.54,34.9671428571429,6.92886178861789,726.8475
17989,1,228.83,228.83,0.494918699186992,339.756737804878
17990,6,1527.61,254.601666666667,2.96951219512195,2268.12826219512
17991,3,320.55,106.85,1.48475609756098,475.938567073171
17992,1,254.13,254.13,0.494918699186992,377.321067073171
17993,1,235.19,235.19,0.494918699186992,349.199786585366
17994,11,2313.32,210.301818181818,5.44410569105691,3434.71597560976
17995,3,495.48,165.16,1.48475609756098,735.666951219512
17996,3,482.33,160.776666666667,1.48475609756098,716.142408536585
17997,8,1970.67,246.33375,3.95934959349593,2925.96429878049
17998,3,639.24,213.08,1.48475609756098,949.115487804878
17999,3,730.9,243.633333333333,1.48475609756098,1085.20823170732
18000,1,124.25,124.25,0.494918699186992,184.480945121951
18001,6,953.84,158.973333333333,2.96951219512195,1416.21975609756
18002,4,249.92,62.48,1.97967479674797,371.070243902439
18003,1,358.61,358.61,0.494918699186992,532.448384146341
18004,1,169.47,169.47,0.494918699186992,251.621615853659
18005,2,249.72,124.86,0.989837398373984,370.773292682927
18006,4,997.86,249.465,1.97967479674797,1481.57871951219
18007,1,220.32,220.32,0.494918699186992,327.121463414634
18008,23,19787.13,860.31,11.3831300813008,29379.0619207317
18009,8,2155.83,269.47875,3.95934959349593,3200.88173780488
18010,1,174.8,174.8,0.494918699186992,259.535365853659
18011,2,527.03,263.515,0.989837398373984,782.511006097561
18012,1,115.3,115.3,0.494918699186992,171.19237804878
18013,2,187.29,93.645,0.989837398373984,278.079969512195
18014,1,166.42,166.42,0.494918699186992,247.093109756098
18015,1,120.03,120.03,0.494918699186992,178.215274390244
18016,7,1960.46,280.065714285714,3.46443089430894,2910.80493902439
18017,4,688,172,1.97967479674797,1021.51219512195
18018,4,297.99,74.4975,1.97967479674797,442.442469512195
18019,1,38.45,38.45,0.494918699186992,57.0888719512195
18020,1,190.48,190.48,0.494918699186992,282.816341463415
18021,2,227.06,113.53,0.989837398373984,337.128719512195
18022,5,1651.79,330.358,2.47459349593496,2452.50527439024
18024,2,389.78,194.89,0.989837398373984,578.728231707317
18025,6,1177.72,196.286666666667,2.96951219512195,1748.62695121951
18026,2,2074.07,1037.035,0.989837398373984,3079.48807926829
18027,1,115.31,115.31,0.494918699186992,171.207225609756
18028,1,192.05,192.05,0.494918699186992,285.147408536585
18029,1,433.77,433.77,0.494918699186992,644.042652439024
18030,2,230.65,115.325,0.989837398373984,342.458993902439
18031,1,462.1,462.1,0.494918699186992,686.105792682927
18032,1,73.5,73.5,0.494918699186992,109.129573170732
18033,1,97.97,97.97,0.494918699186992,145.461554878049
18034,3,793.7,264.566666666667,1.48475609756098,1178.45091463415
18035,5,1276.74,255.348,2.47459349593496,1895.6475
18036,11,1563.64,142.149090909091,5.44410569105691,2321.62402439024
18037,15,167.42,11.1613333333333,7.42378048780488,248.577865853658
18038,1,149.41,149.41,0.494918699186992,221.837408536585
18039,4,579.17,144.7925,1.97967479674797,859.92618902439
18040,2,357.2,178.6,0.989837398373984,530.35487804878
18041,38,8752.38,230.325789473684,18.8069105691057,12995.1495731707
18042,2,281.15,140.575,0.989837398373984,417.439176829268
18043,3,875.97,291.99,1.48475609756098,1300.60179878049
18044,18,3505.61,194.756111111111,8.90853658536585,5204.97582317073
18045,1,189.4,189.4,0.494918699186992,281.212804878049
18046,1,189.63,189.63,0.494918699186992,281.554298780488
18047,2,342.69,171.345,0.989837398373984,508.811067073171
18048,3,401.73,133.91,1.48475609756098,596.471067073171
18049,2,556.52,278.26,0.989837398373984,826.296463414634
18050,2,412.06,206.03,0.989837398373984,611.808597560975
18051,7,2282.28,326.04,3.46443089430894,3388.62914634146
18052,1,10877.18,10877.18,0.494918699186992,16149.9593292683
18053,3,571.07,190.356666666667,1.48475609756098,847.899664634146
18054,1,176.5,176.5,0.494918699186992,262.059451219512
18055,14,11195.57,799.683571428571,6.92886178861789,16622.6908231707
18056,2,554.6,277.3,0.989837398373984,823.445731707317
18057,3,1203.56,401.186666666667,1.48475609756098,1786.99304878049
18058,3,774.06,258.02,1.48475609756098,1149.29030487805
18059,3,306.46,102.153333333333,1.48475609756098,455.018353658536
18060,2,1185.46,592.73,0.989837398373984,1760.11896341463
18061,28,6488.97,231.748928571429,13.8577235772358,9634.53777439024
18062,6,1632.67,272.111666666667,2.96951219512195,2424.11673780488
18063,2,186.6,93.3,0.989837398373984,277.055487804878
18064,11,4495.03,408.639090909091,5.44410569105691,6674.02320121951
18065,29,5866.63,202.297586206897,14.3526422764228,8710.51466463415
18066,3,1440.4,480.133333333333,1.48475609756098,2138.64268292683
18067,1,396.33,396.33,0.494918699186992,588.453384146341
18068,1,101.7,101.7,0.494918699186992,150.999695121951
18069,11,4540.56,412.778181818182,5.44410569105691,6741.62414634146
18070,1,314.1,314.1,0.494918699186992,466.361890243902
18071,6,1428.63,238.105,2.96951219512195,2121.16710365854
18072,1,247.44,247.44,0.494918699186992,367.388048780488
18073,12,3877.52,323.126666666667,5.9390243902439,5757.17146341463
18074,2,1509.04,754.52,0.989837398373984,2240.55634146341
18075,20,5783.29,289.1645,9.89837398373984,8586.77509146341
18076,1,151.49,151.49,0.494918699186992,224.925701219512
18077,18,4338.56,241.031111111111,8.90853658536585,6441.70341463415
18078,4,844.6,211.15,1.97967479674797,1254.025
18079,5,4242.75,848.55,2.47459349593496,6299.44893292683
18080,2,1231.5,615.75,0.989837398373984,1828.47713414634
18081,3,343.45,114.483333333333,1.48475609756098,509.939481707317
18082,1,703.37,703.37,0.494918699186992,1044.33289634146
18083,1,470.73,470.73,0.494918699186992,698.919237804878
18084,3,812.93,270.976666666667,1.48475609756098,1207.00277439024
18085,4,1645.75,411.4375,1.97967479674797,2443.53734756098
18086,1,101.34,101.34,0.494918699186992,150.465182926829
18087,17,14761.52,868.324705882353,8.41361788617886,21917.2568292683
18088,1,167.67,167.67,0.494918699186992,248.949054878049
18089,1,428.45,428.45,0.494918699186992,636.14375
18090,1,349.4,349.4,0.494918699186992,518.773780487805
18091,1,360.85,360.85,0.494918699186992,535.774237804878
18092,18,16179.44,898.857777777778,8.90853658536585,24022.522195122
18093,8,4452.71,556.58875,3.95934959349593,6611.18832317073
18094,13,6391.52,491.655384615385,6.43394308943089,9489.84829268293
18095,5,2303.09,460.618,2.47459349593496,3419.52692073171
18096,6,1805.28,300.88,2.96951219512195,2680.40048780488
18097,11,4663.32,423.938181818182,5.44410569105691,6923.89280487805
18098,1,550.84,550.84,0.494918699186992,817.863048780488
18099,1,168.31,168.31,0.494918699186992,249.899298780488
18100,1,451.56,451.56,0.494918699186992,670.456463414634
18101,5,629.16,125.832,2.47459349593496,934.149146341463
18102,145,608821.65,4198.77,71.7632113821138,903951.657164634
18103,1,105.8,105.8,0.494918699186992,157.087195121951
18104,1,754.64,754.64,0.494918699186992,1120.45634146341
18105,1,113.48,113.48,0.494918699186992,168.49012195122
18106,6,1461.46,243.576666666667,2.96951219512195,2169.91164634146
18107,1,167.13,167.13,0.494918699186992,248.147286585366
18108,3,848.81,282.936666666667,1.48475609756098,1260.27582317073
18109,38,9893.96,260.367368421053,18.8069105691057,14690.1174390244
18110,2,435.43,217.715,0.989837398373984,646.507347560976
18111,1,405.85,405.85,0.494918699186992,602.588262195122
18112,4,775.96,193.99,1.97967479674797,1152.11134146341
18113,1,152.64,152.64,0.494918699186992,226.633170731707
18114,1,220.1,220.1,0.494918699186992,326.794817073171
18115,1,9.7,9.7,0.494918699186992,14.4021341463415
18116,13,2154.3,165.715384615385,6.43394308943089,3198.61006097561
18117,1,320.72,320.72,0.494918699186992,476.190975609756
18118,29,6733.22,232.18,14.3526422764228,9997.18945121951
18119,1,362.24,362.24,0.494918699186992,537.838048780488
18120,1,111.15,111.15,0.494918699186992,165.030640243902
18121,2,673.1,336.55,0.989837398373984,999.389329268293
18122,6,1826.21,304.368333333333,2.96951219512195,2711.47643292683
18123,3,684.59,228.196666666667,1.48475609756098,1016.44917682927
18124,1,111.53,111.53,0.494918699186992,165.594847560976
18125,4,1142.99,285.7475,1.97967479674797,1697.06137195122
18126,1,206.83,206.83,0.494918699186992,307.092103658537
18127,4,561.53,140.3825,1.97967479674797,833.735091463414
18128,1,420.04,420.04,0.494918699186992,623.656951219512
18129,1,112.55,112.55,0.494918699186992,167.109298780488
18130,3,1059.39,353.13,1.48475609756098,1572.93576219512
18131,1,222.96,222.96,0.494918699186992,331.041219512195
18132,1,226.9,226.9,0.494918699186992,336.891158536585
18133,1,931.5,931.5,0.494918699186992,1383.05030487805
18134,2,445,222.5,0.989837398373984,660.716463414634
18135,10,1249.62,124.962,4.94918699186992,1855.38091463415
18136,5,1631.36,326.272,2.47459349593496,2422.17170731707
18137,2,145.99,72.995,0.989837398373984,216.759542682927
18138,1,152.65,152.65,0.494918699186992,226.648018292683
18139,6,8438.34,1406.39,2.96951219512195,12528.8767682927
18140,1,536.41,536.41,0.494918699186992,796.438018292683
18141,2,882.47,441.235,0.989837398373984,1310.25271341463
18142,2,1019.52,509.76,0.989837398373984,1513.73853658537
18143,2,1000.16,500.08,0.989837398373984,1484.99365853659
18144,19,5058,266.210526315789,9.40345528455284,7509.89634146341
18145,11,5617.79,510.708181818182,5.44410569105691,8341.04795731707
18146,2,160.35,80.175,0.989837398373984,238.080640243902
18147,2,179.34,89.67,0.989837398373984,266.276158536585
18148,1,114.1,114.1,0.494918699186992,169.410670731707
18149,7,1624.71,232.101428571429,3.46443089430894,2412.29807926829
18150,3,566.58,188.86,1.48475609756098,841.233109756098
18151,6,1879.44,313.24,2.96951219512195,2790.51
18152,1,426.69,426.69,0.494918699186992,633.530579268293
18153,1,246.22,246.22,0.494918699186992,365.576646341463
18154,5,932.6,186.52,2.47459349593496,1384.68353658537
18155,3,371.62,123.873333333333,1.48475609756098,551.76506097561
18156,2,941.17,470.585,0.989837398373984,1397.40789634146
18157,1,215.35,215.35,0.494918699186992,319.742225609756
18158,2,453.4,226.7,0.989837398373984,673.188414634146
18159,1,530.15,530.15,0.494918699186992,787.143445121951
18160,3,1003.88,334.626666666667,1.48475609756098,1490.51695121951
18161,6,1803.1,300.516666666667,2.96951219512195,2677.1637195122
18162,1,379.16,379.16,0.494918699186992,562.96012195122
18163,1,728.84,728.84,0.494918699186992,1082.14963414634
18164,1,399.65,399.65,0.494918699186992,593.382774390244
18165,1,302.46,302.46,0.494918699186992,449.079329268293
18166,1,175.5,175.5,0.494918699186992,260.574695121951
18167,3,1384.86,461.62,1.48475609756098,2056.17932926829
18168,16,3770.27,235.641875,7.91869918699187,5597.93137195122
18169,1,202.65,202.65,0.494918699186992,300.885823170732
18170,9,2878,319.777777777778,4.45426829268293,4273.12804878049
18171,9,2437.31,270.812222222222,4.45426829268293,3618.81088414634
18172,52,17479.84,336.150769230769,25.7357723577236,25953.2990243902
18173,5,2696.36,539.272,2.47459349593496,4003.43695121951
18174,2,162.5,81.25,0.989837398373984,241.272865853659
18175,1,176.1,176.1,0.494918699186992,261.465548780488
18176,1,476.35,476.35,0.494918699186992,707.263567073171
18177,9,2216.87,246.318888888889,4.45426829268293,3291.51125
18178,11,6103.74,554.885454545455,5.44410569105691,9062.56518292683
18179,8,2547.55,318.44375,3.95934959349593,3782.49039634146
18180,6,1843.75,307.291666666667,2.96951219512195,2737.51905487805
18181,5,1205.94,241.188,2.47459349593496,1790.52676829268
18182,1,291.13,291.13,0.494918699186992,432.257042682927
18183,2,632.07,316.035,0.989837398373984,938.469786585366
18184,1,49.8,49.8,0.494918699186992,73.9408536585366
18185,1,304.25,304.25,0.494918699186992,451.737042682927
18186,1,329.58,329.58,0.494918699186992,489.345914634146
18187,1,724.89,724.89,0.494918699186992,1076.28484756098
18188,6,3280.59,546.765,2.96951219512195,4870.87600609756
18189,3,1403.73,467.91,1.48475609756098,2084.19667682927
18190,5,745.62,149.124,2.47459349593496,1107.06384146341
18191,2,529.4,264.7,0.989837398373984,786.02987804878
18192,1,957.97,957.97,0.494918699186992,1422.35179878049
18193,3,1207.35,402.45,1.48475609756098,1792.62027439024
18194,6,4162.04,693.673333333333,2.96951219512195,6179.61426829268
18195,1,101.16,101.16,0.494918699186992,150.197926829268
18196,4,1464.31,366.0775,1.97967479674797,2174.14320121951
18197,1,230.1,230.1,0.494918699186992,341.64237804878
18198,17,5425.56,319.150588235294,8.41361788617886,8055.63329268293
18199,1,344.75,344.75,0.494918699186992,511.869664634146
18200,1,163.8,163.8,0.494918699186992,243.203048780488
18201,1,447.53,447.53,0.494918699186992,664.472896341463
18202,3,1396.99,465.663333333333,1.48475609756098,2074.18942073171
18203,4,504.42,126.105,1.97967479674797,748.940670731707
18204,3,1993.7,664.566666666667,1.48475609756098,2960.15823170732
18205,2,517.36,258.68,0.989837398373984,768.153414634146
18206,1,314.66,314.66,0.494918699186992,467.193353658536
18207,1,544.47,544.47,0.494918699186992,808.405152439024
18208,1,360.08,360.08,0.494918699186992,534.630975609756
18209,1,139.1,139.1,0.494918699186992,206.529573170732
18210,7,2768.83,395.547142857143,3.46443089430894,4111.03722560976
18211,5,600.07,120.014,2.47459349593496,890.957591463415
18212,2,546.72,273.36,0.989837398373984,811.745853658537
18213,1,232.48,232.48,0.494918699186992,345.176097560976
18214,4,1780.34,445.085,1.97967479674797,2643.37067073171
18215,5,2247.49,449.498,2.47459349593496,3336.97448170732
18216,1,481.75,481.75,0.494918699186992,715.28125
18217,4,945.04,236.26,1.97967479674797,1403.15390243902
18218,4,1142,285.5,1.97967479674797,1695.59146341463
18219,17,3562.89,209.581764705882,8.41361788617886,5290.02265243902
18220,6,1921.76,320.293333333333,2.96951219512195,2853.34487804878
18221,6,1424.94,237.49,2.96951219512195,2115.68835365854
18222,1,443,443,0.494918699186992,657.746951219512
18223,26,14000.85,538.494230769231,12.8678861788618,20787.8474085366
18224,1,158.95,158.95,0.494918699186992,236.001981707317
18225,26,13054.26,502.086923076923,12.8678861788618,19382.3921341463
18226,26,11878.88,456.88,12.8678861788618,17637.2395121951
18227,2,388.75,194.375,0.989837398373984,577.198932926829
18228,2,779.9,389.95,0.989837398373984,1157.9612804878
18229,28,10803.71,385.846785714286,13.8577235772358,16040.8742987805
18230,9,4291.06,476.784444444444,4.45426829268293,6371.1775
18231,28,6880.97,245.748928571429,13.8577235772358,10216.5621646341
18232,4,592.97,148.2425,1.97967479674797,880.415823170732
18233,1,440,440,0.494918699186992,653.292682926829
18234,1,179.6,179.6,0.494918699186992,266.662195121951
18235,3,1796.48,598.826666666667,1.48475609756098,2667.33463414634
18236,12,1795.35,149.6125,5.9390243902439,2665.6568597561
18237,5,987.1,197.42,2.47459349593496,1465.60274390244
18238,1,270.92,270.92,0.494918699186992,402.25012195122
18239,6,2150.36,358.393333333333,2.96951219512195,3192.76012195122
18240,1,422.58,422.58,0.494918699186992,627.428231707317
18241,21,2986.99,142.237619047619,10.3932926829268,4434.95161585366
18242,8,3605.21,450.65125,3.95934959349593,5352.8575304878
18243,1,515.78,515.78,0.494918699186992,765.8075
18244,2,568.64,284.32,0.989837398373984,844.291707317073
18245,20,6324.98,316.249,9.89837398373984,9391.05262195122
18246,3,758.82,252.94,1.48475609756098,1126.66262195122
18247,3,839.73,279.91,1.48475609756098,1246.79423780488
18248,2,804.02,402.01,0.989837398373984,1193.77359756098
18249,1,95.34,95.34,0.494918699186992,141.556646341463
18250,1,349.27,349.27,0.494918699186992,518.580762195122
18251,9,26278.86,2919.87333333333,4.45426829268293,39017.6976219512
18252,7,1542.09,220.298571428571,3.46443089430894,2289.6275304878
18253,1,317.88,317.88,0.494918699186992,471.974268292683
18254,1,267.9,267.9,0.494918699186992,397.766158536585
18255,2,303.15,151.575,0.989837398373984,450.10381097561
18256,1,110.7,110.7,0.494918699186992,164.3625
18257,12,4600.15,383.345833333333,5.9390243902439,6830.10076219512
18258,6,2059.67,343.278333333333,2.96951219512195,3058.10759146341
18259,7,4318.2,616.885714285714,3.46443089430894,6411.4737804878
18260,23,9962.11,433.135217391304,11.3831300813008,14791.3035670732
18261,2,324.24,162.12,0.989837398373984,481.417317073171
18262,3,577.54,192.513333333333,1.48475609756098,857.506036585366
18263,3,1213.16,404.386666666667,1.48475609756098,1801.24670731707
18264,1,603.25,603.25,0.494918699186992,895.679115853658
18265,2,801.51,400.755,0.989837398373984,1190.0468597561
18266,1,251.1,251.1,0.494918699186992,372.822256097561
18267,1,269.37,269.37,0.494918699186992,399.94875
18268,6,1490.23,248.371666666667,2.96951219512195,2212.62807926829
18269,1,337.2,337.2,0.494918699186992,500.659756097561
18270,3,444.55,148.183333333333,1.48475609756098,660.048323170732
18271,2,680.85,340.425,0.989837398373984,1010.89618902439
18272,9,4385.98,487.331111111111,4.45426829268293,6512.11054878049
18273,4,357,89.25,1.97967479674797,530.057926829268
18274,1,175.92,175.92,0.494918699186992,261.198292682927
18275,2,741.85,370.925,0.989837398373984,1101.46631097561
18276,6,1656.52,276.086666666667,2.96951219512195,2459.52817073171
18277,5,1180.05,236.01,2.47459349593496,1752.08643292683
18278,2,414.2,207.1,0.989837398373984,614.985975609756
18279,1,231.34,231.34,0.494918699186992,343.483475609756
18280,2,488.15,244.075,0.989837398373984,724.78368902439
18281,2,201.14,100.57,0.989837398373984,298.643841463415
18282,2,178.05,89.025,0.989837398373984,264.360823170732
18283,22,2736.65,124.393181818182,10.8882113821138,4063.25777439024
18284,1,461.68,461.68,0.494918699186992,685.482195121951
18285,1,427,427,0.494918699186992,633.990853658536
18286,2,1296.43,648.215,0.989837398373984,1924.88234756098
18287,7,4182.99,597.57,3.46443089430894,6210.71990853658
